checking_status,duration,credit_history,purpose,credit_amount,savings_status,employment,installment_commitment,personal_status,other_parties,residence_since,property_magnitude,age,other_payment_plans,housing,existing_credits,num_dependents,foreign_worker,class
1,-1.3204162331582816,1,6,-0.8518651105445046,4,3,4,3,2,4,3,2.4456123437518786,1,1,2,1,1,1
0,2.065544451137989,3,6,1.3850286270310743,2,0,2,0,2,2,3,-1.2047942970037895,1,1,1,1,1,0
3,-0.7560894524422366,1,2,-0.418238909220255,2,1,2,3,2,3,3,1.2592301855062866,1,1,1,2,1,1
1,2.065544451137989,3,3,2.2359674225909183,2,1,2,3,1,4,1,0.8941895214307197,1,0,1,2,1,1
1,0.3725641089898535,2,4,0.8793652789927638,2,0,3,3,2,4,2,1.6242708495818534,1,0,2,2,1,0
3,1.5012176704219435,3,2,2.2359674225909183,4,0,2,3,2,4,2,-0.018412138758197326,1,0,1,2,1,1
3,0.3725641089898535,3,3,-0.07255415972875502,1,3,3,3,2,4,1,1.6242708495818534,1,1,1,1,1,1
0,1.5012176704219435,3,9,1.8513989859526243,2,0,2,3,2,2,0,-0.018412138758197326,1,2,1,1,1,1
3,-0.7560894524422366,3,6,0.03222714458260626,3,1,2,1,2,4,3,2.354352177732987,1,1,1,1,1,1
0,0.9368908897058985,1,4,1.0496348984987258,2,4,4,2,2,2,0,-0.6572333008904393,1,1,2,1,1,0
0,-0.7560894524422366,3,4,-0.7929256268693639,2,2,3,0,2,1,0,-0.9310137989471143,1,2,1,1,1,0
1,2.065544451137989,3,0,0.6164764708544377,2,2,3,0,2,4,1,-1.0222739649660062,1,2,1,1,1,0
0,-0.7560894524422366,3,6,-0.6656911859198538,2,0,1,0,2,1,0,-1.2047942970037895,1,1,1,1,1,1
1,0.3725641089898535,1,4,-0.8378319001456616,2,3,4,3,2,4,0,2.2630920117140954,1,1,2,1,1,0
1,-0.47392606208421406,3,4,-0.7424060694335289,2,0,2,0,2,4,0,-0.6572333008904393,1,2,1,1,1,1
1,0.3725641089898535,3,6,-0.7990066847088625,0,0,4,0,2,2,0,-0.29219263681487245,1,1,1,1,1,0
3,0.3725641089898535,1,6,-0.2648091421929045,4,3,4,3,2,4,1,1.6242708495818534,1,1,2,1,1,1
1,0.9368908897058985,4,0,2.2359674225909183,4,2,2,3,2,3,0,-0.9310137989471143,0,1,3,1,1,1
0,0.3725641089898535,3,9,2.2359674225909183,2,3,4,0,2,2,2,0.8029293554118281,1,0,1,1,1,0
3,0.3725641089898535,3,6,0.2057711798482984,1,3,3,3,2,2,0,-0.38345280283376415,1,1,1,2,1,1
3,-1.038252842800259,1,4,-0.4004635093817205,2,0,4,3,2,4,0,1.1679700194873948,1,1,3,1,1,1
1,-1.3204162331582816,3,6,-0.1604956115615047,1,0,2,3,2,3,3,0.8029293554118281,1,2,1,2,1,1
1,-0.9441983793475849,1,4,-0.350411725625847,2,2,1,3,2,3,3,1.1679700194873948,1,2,2,2,0,1
0,-0.7560894524422366,1,9,-0.5548288237689938,0,2,3,3,2,4,1,0.8029293554118281,1,1,1,1,1,1
3,-0.9441983793475849,1,3,-0.43086879857921373,4,0,2,2,2,1,0,-0.8397536329282227,1,1,2,1,0,1
1,-1.3204162331582816,3,3,-0.7559715061524106,2,0,1,3,2,2,3,0.07284802726069438,0,1,1,1,1,1
3,-1.3204162331582816,4,6,-1.1994209547558503,2,3,4,2,2,4,0,0.3466285253173695,1,1,1,1,1,1
2,-0.7560894524422366,0,6,-1.2073731073151948,3,0,3,0,2,3,3,0.6204090233740446,1,2,2,1,1,1
0,-1.2263617697056075,3,6,-0.26901910531255746,2,0,3,3,1,2,3,-0.10967230477708903,1,1,1,1,1,1
1,2.065544451137989,2,0,1.7990083337969436,2,3,3,3,2,4,2,2.4456123437518786,1,1,2,1,1,0
0,-0.19176267172619155,3,0,-0.5038414926531974,3,2,3,2,2,3,3,0.07284802726069438,0,1,1,1,1,1
1,0.3725641089898535,3,3,0.48175765102554463,2,0,2,3,2,2,0,-0.7484934669093309,2,1,1,1,1,1
0,-0.19176267172619155,3,4,1.3452678642343523,0,0,2,3,2,2,0,-0.47471296885265585,1,1,2,1,1,1
3,-0.7560894524422366,1,0,-0.8074266109481684,4,3,4,3,2,4,2,1.9893115136574202,1,2,1,1,1,1
2,-0.7560894524422366,3,3,-0.7091941381562671,2,2,4,0,2,1,1,-0.20093247079598073,0,1,1,1,1,1
0,2.065544451137989,1,6,0.8213613426775459,2,2,4,3,2,2,1,-0.9310137989471143,1,1,2,1,1,0
3,2.065544451137989,1,2,1.4594046421449423,2,0,1,3,2,3,2,-0.38345280283376415,0,0,1,1,1,1
2,-0.19176267172619155,3,6,-0.4163678145004093,2,0,4,3,0,2,3,0.1641081932795861,2,1,1,1,1,0
2,-0.9441983793475849,3,1,-0.8256697844666643,2,0,2,3,2,2,0,0.1641081932795861,1,1,1,1,1,1
0,-1.038252842800259,3,6,-1.1844521969970845,2,0,4,3,2,3,3,-1.0222739649660062,1,1,1,1,1,1
3,0.9368908897058985,3,6,-0.30737654706939505,1,3,4,3,2,2,0,-0.47471296885265585,0,1,1,1,1,1
0,-0.7560894524422366,3,6,-0.8570106210240803,1,0,3,1,2,1,0,-0.8397536329282227,1,1,1,1,1,1
0,-0.19176267172619155,2,7,1.503375368061317,2,0,2,3,2,4,3,0.8029293554118281,1,1,1,2,1,1
1,0.9368908897058985,1,9,1.4954232155019729,0,1,1,2,2,4,0,-1.0222739649660062,1,2,2,1,1,1
1,2.065544451137989,1,9,1.4748411735836697,2,3,4,0,2,4,2,2.080571679676312,2,0,2,1,1,0
3,-0.8501439158949108,1,4,-0.7470838062331433,2,2,4,0,2,4,0,-0.018412138758197326,1,1,2,1,1,1
3,1.5012176704219435,3,6,-0.32328085218808383,1,3,4,3,2,4,0,0.3466285253173695,1,1,1,1,1,1
1,-1.3204162331582816,3,9,-0.7662625271115621,1,4,1,0,2,2,1,-1.1135341309848978,1,2,1,1,1,1
3,-0.8501439158949108,1,4,1.9823756163418258,2,0,1,3,2,4,1,0.3466285253173695,1,1,2,1,1,1
3,-0.7560894524422366,3,6,-0.428997703859368,0,0,4,0,0,2,3,-0.6572333008904393,1,1,1,1,1,1
0,0.3725641089898535,2,3,-0.30737654706939505,4,2,4,3,2,2,1,-0.5659731348715475,0,1,1,1,1,1
0,0.654727499347876,2,9,1.3915774585505345,2,3,1,3,2,2,0,-0.47471296885265585,1,1,2,1,1,1
3,-0.7560894524422366,3,6,-0.8083621583080912,2,0,3,3,2,2,0,-0.9310137989471143,1,1,1,1,1,1
3,-0.19176267172619155,3,9,0.18144694849030382,4,0,2,3,2,1,1,-0.38345280283376415,1,1,1,1,1,1
0,1.5012176704219435,2,4,-0.35789610450522996,2,3,4,3,2,4,2,1.9893115136574202,0,0,2,1,1,0
3,-1.3204162331582816,0,4,-1.0324257510096182,4,0,1,3,1,2,3,-0.8397536329282227,2,1,1,2,1,1
0,-0.7560894524422366,3,6,1.6268676195711358,4,4,2,3,2,1,2,1.5330106835629618,1,1,1,1,1,0
3,1.5012176704219435,1,6,2.2359674225909183,2,0,2,0,2,2,0,-0.38345280283376415,2,1,2,1,1,1
2,-0.19176267172619155,3,4,-0.4813883560150486,2,3,3,0,2,2,0,-1.1135341309848978,1,1,1,1,1,1
1,1.5012176704219435,1,3,1.515069710060353,2,2,4,0,0,4,2,-1.1135341309848978,1,2,2,1,1,0
0,-1.038252842800259,3,0,-0.7480193535930661,2,0,2,2,2,1,3,-0.7484934669093309,0,1,1,1,1,1
0,-0.47392606208421406,1,6,-0.6797243963186967,4,3,4,3,1,4,3,1.3504903515251783,1,1,2,1,1,1
0,1.5012176704219435,4,0,-0.4851305454547401,2,3,4,3,2,4,2,2.354352177732987,1,0,1,1,1,0
0,2.065544451137989,4,0,2.2359674225909183,2,0,2,3,2,2,0,-0.9310137989471143,1,1,1,1,1,0
3,0.3725641089898535,3,6,0.08929553353790125,2,2,4,0,2,4,1,-0.8397536329282227,1,1,1,1,1,1
3,0.654727499347876,3,7,1.029052856580423,4,3,4,3,2,4,1,1.1679700194873948,1,1,4,2,1,1
3,-0.7560894524422366,3,6,-0.3831558832231474,2,2,2,0,2,2,0,-0.5659731348715475,0,1,1,1,1,1
0,-0.7560894524422366,3,4,-0.927644446698257,3,0,4,2,2,1,3,-1.2047942970037895,1,1,1,1,1,1
3,1.5012176704219435,3,2,-0.5478122185695723,2,0,4,3,2,4,2,0.1641081932795861,2,0,1,1,1,0
3,1.5012176704219435,3,6,-0.27884235259174756,4,0,4,0,2,4,0,-0.9310137989471143,1,1,1,1,1,1
3,1.5012176704219435,3,9,2.2359674225909183,2,0,1,0,2,2,1,-0.47471296885265585,0,1,1,1,1,1
3,-1.2263617697056075,1,6,-1.0572177560475742,4,3,4,3,2,2,1,0.9854496874496115,1,2,2,1,1,1
1,-1.1323073062529332,1,5,-0.8542039789443118,2,3,3,3,2,4,2,1.44175051754407,0,0,2,2,1,1
0,2.065544451137989,1,0,1.3864319480709586,2,1,2,0,2,1,3,0.5291488573551529,0,1,2,1,1,1
1,1.5012176704219435,3,2,-0.4739039771356657,4,3,4,3,2,4,2,0.4378886913362612,1,1,1,1,1,0
1,-0.7560894524422366,1,9,-0.6848699067982725,2,3,4,3,2,4,2,2.4456123437518786,1,0,2,1,1,1
1,2.065544451137989,3,6,0.45603009862766575,2,2,4,3,2,3,0,-0.10967230477708903,1,1,1,1,1,0
0,-0.8501439158949108,2,6,0.8330556846765819,2,1,2,3,2,4,1,1.44175051754407,1,1,1,1,1,1
3,2.065544451137989,4,9,2.2359674225909183,4,0,2,3,2,2,1,0.3466285253173695,1,1,1,2,1,1
0,0.9368908897058985,3,3,0.393816199192795,2,2,2,2,2,1,1,-1.2047942970037895,1,1,1,1,1,1
3,0.3725641089898535,3,6,1.381286437591383,4,2,1,0,2,1,0,0.8029293554118281,1,1,2,1,1,0
3,-0.47392606208421406,3,6,-0.8312830686262015,1,3,4,3,2,3,1,1.0767098534685031,2,1,1,1,1,1
3,-0.19176267172619155,3,0,-0.6652234122398923,0,0,3,0,2,4,1,-1.0222739649660062,1,2,1,1,1,1
1,0.3725641089898535,3,5,-0.5777497340871041,2,3,4,0,1,4,3,2.080571679676312,1,1,1,1,1,1
1,-0.9441983793475849,3,6,-0.31579647330870086,2,3,3,3,2,4,3,1.5330106835629618,1,1,1,1,1,1
3,-0.7560894524422366,1,0,-0.7381961063138761,2,0,4,0,1,2,3,-0.5659731348715475,1,1,2,1,1,1
0,-0.19176267172619155,1,3,-0.7929256268693639,2,2,4,0,2,1,1,-0.7484934669093309,1,1,2,1,1,1
0,1.5012176704219435,3,2,2.2359674225909183,0,0,1,3,2,4,2,1.0767098534685031,1,0,1,2,1,0
1,-0.19176267172619155,3,4,-0.34666953618615554,0,1,4,3,2,3,0,-0.47471296885265585,1,1,1,2,1,1
1,-0.7560894524422366,4,7,-0.8803993050221521,2,1,4,3,2,3,3,-0.6572333008904393,1,1,2,1,1,0
3,-0.7560894524422366,1,6,-1.109608408203255,2,3,4,3,2,4,3,1.8980513476385286,1,1,1,1,1,1
1,-0.7560894524422366,1,9,-0.7395994273537604,2,3,4,3,2,3,3,1.715531015600745,1,1,1,1,1,1
3,-0.7560894524422366,1,6,-1.0258769194901582,4,3,4,0,2,3,1,-0.20093247079598073,0,1,1,2,1,0
2,0.3725641089898535,1,3,0.29324485800108663,4,3,4,3,0,4,2,-1.387314629041573,1,2,2,1,1,1
0,-0.7560894524422366,3,4,-0.7821668322302509,3,3,4,3,2,4,3,1.715531015600745,1,1,1,1,1,1
0,2.065544451137989,4,0,2.2359674225909183,2,2,3,3,2,4,2,2.080571679676312,1,2,1,1,1,0
3,-0.7560894524422366,1,2,-0.45753189833701546,4,1,4,0,2,2,0,2.354352177732987,1,1,1,1,1,1
0,-0.19176267172619155,3,0,-0.17218995356054054,0,0,4,3,2,4,0,-0.10967230477708903,1,1,1,1,1,1
0,1.5012176704219435,1,6,-0.3055054523495493,2,3,4,3,2,4,3,0.07284802726069438,1,1,1,1,1,1
0,-0.003653744820843193,2,9,1.9023863170684208,4,1,3,3,2,4,1,0.07284802726069438,0,2,2,2,1,1
3,0.3725641089898535,3,4,-0.7115330065560743,0,3,4,2,2,4,3,0.5291488573551529,1,2,1,1,1,1
0,1.5012176704219435,3,6,-0.3120542838690094,2,1,4,3,2,4,0,-1.0222739649660062,1,2,1,1,1,1
3,-1.3204162331582816,2,6,-0.9627274726953645,2,0,3,0,2,2,3,-1.0222739649660062,1,1,1,1,1,1
0,-1.038252842800259,1,3,-0.5010348505734289,2,1,4,3,2,3,0,-0.018412138758197326,1,2,1,1,1,1
3,-0.7560894524422366,3,9,-0.25498589491371443,4,2,2,2,2,4,0,-0.8397536329282227,1,2,1,1,1,1
0,0.3725641089898535,1,5,2.2359674225909183,2,0,2,3,0,3,0,0.3466285253173695,1,1,2,2,1,0
3,-0.19176267172619155,0,4,1.6221898827715215,2,3,2,3,2,4,2,0.3466285253173695,0,1,2,2,1,0
0,-0.7560894524422366,3,4,1.4444358843861764,2,1,2,3,2,2,0,-0.29219263681487245,1,1,1,1,1,1
1,0.3725641089898535,3,3,2.212988040562813,4,2,1,0,2,2,1,-0.47471296885265585,1,1,1,1,0,1
0,-0.5679805255368883,3,0,-0.739131653673799,1,3,1,2,2,2,3,-0.018412138758197326,1,1,1,1,1,1
0,-1.3204162331582816,2,0,-0.7208884801553029,0,3,1,1,2,2,0,-0.38345280283376415,0,1,2,2,1,1
2,-0.47392606208421406,3,2,-1.215325259874539,2,2,4,0,2,4,1,-1.1135341309848978,1,2,1,1,1,1
0,-0.19176267172619155,3,4,1.5295706941391576,2,1,3,3,2,3,3,-0.6572333008904393,1,2,1,1,1,1
3,1.5012176704219435,1,4,2.2359674225909183,2,0,4,0,2,2,3,-0.9310137989471143,2,1,2,1,1,0
1,-0.7560894524422366,3,6,-0.6128327600842116,1,3,3,2,2,1,3,-0.018412138758197326,1,1,1,1,1,1
3,2.065544451137989,1,6,0.27500168448259066,4,3,4,3,2,1,3,1.0767098534685031,1,1,1,1,1,1
1,2.065544451137989,3,6,1.9571158376239082,4,1,4,0,2,3,0,-0.47471296885265585,1,1,1,1,1,0
1,-0.9441983793475849,1,3,-0.40139905674164333,4,2,2,0,0,3,3,-0.7484934669093309,1,2,2,1,0,1
1,1.219054280063921,1,3,0.603846581495479,1,0,1,0,2,4,0,-1.1135341309848978,1,1,2,1,1,0
0,-0.7560894524422366,1,4,-0.29194001563066774,1,1,3,1,2,3,0,0.07284802726069438,1,1,1,1,1,1
1,0.09040071863183098,3,6,-0.5403278396901894,2,0,3,0,2,2,3,-0.9310137989471143,1,1,2,1,1,0
3,0.3725641089898535,1,9,0.4106560516714066,2,3,4,0,2,2,0,0.5291488573551529,1,2,2,1,1,1
3,-0.7560894524422366,3,3,-0.5716686762476054,2,0,3,3,2,2,3,-1.0222739649660062,1,2,1,1,1,1
2,-0.9441983793475849,1,4,-1.033361298369541,2,3,4,3,2,4,2,2.4456123437518786,1,0,2,1,1,1
0,-0.19176267172619155,3,3,-0.4986959821736217,4,2,4,0,2,3,3,-0.7484934669093309,1,2,1,1,1,0
1,-0.7560894524422366,1,4,-0.4065445672212191,2,0,4,3,2,2,1,-0.47471296885265585,1,1,2,1,1,1
1,-0.7560894524422366,3,6,-1.070783192766456,2,0,4,2,2,2,3,0.4378886913362612,1,1,1,1,1,1
0,-0.7560894524422366,3,7,-1.0997851609240648,2,0,4,3,2,2,0,-0.47471296885265585,1,1,1,1,1,0
0,-0.7560894524422366,1,9,-0.5286334976911535,2,4,4,3,2,2,0,-0.10967230477708903,1,1,2,1,1,1
1,-0.7560894524422366,1,4,0.23804756376563738,2,0,3,0,0,2,3,-0.5659731348715475,1,1,2,1,1,0
0,2.065544451137989,3,4,2.2359674225909183,4,1,1,0,2,2,0,-1.0222739649660062,1,1,1,1,1,1
1,1.5012176704219435,2,2,1.822864791474977,2,0,4,3,2,3,1,-0.5659731348715475,2,1,1,1,1,0
3,-0.47392606208421406,3,3,-0.13196141708385717,2,2,2,3,2,3,1,-0.7484934669093309,0,1,2,1,1,1
3,-0.19176267172619155,3,3,-0.47062956137593565,2,0,4,3,2,4,2,1.0767098534685031,0,0,2,1,1,1
3,2.065544451137989,3,6,2.2359674225909183,0,1,2,0,2,4,3,-1.2960544630226811,1,1,1,1,1,1
3,-0.7560894524422366,1,6,-0.8186531792672428,4,3,4,0,2,2,3,0.2553683592984778,1,1,2,1,1,1
3,0.654727499347876,2,9,2.2359674225909183,3,0,2,3,2,2,0,-0.7484934669093309,1,1,2,1,1,1
0,-0.7560894524422366,3,6,-1.0403779035689626,1,0,4,3,2,3,3,2.4456123437518786,1,1,1,1,1,0
0,-0.47392606208421406,1,6,-0.1226059434846285,4,1,4,3,1,2,3,-0.018412138758197326,0,1,3,1,1,1
2,-0.7560894524422366,3,6,-0.5188102504119634,2,0,2,0,2,2,0,0.8029293554118281,1,2,1,1,1,1
2,-1.3204162331582816,3,4,-1.0670410033267643,3,2,2,2,2,2,3,-0.7484934669093309,1,1,1,1,0,1
0,1.5012176704219435,3,6,0.8442822529956563,2,2,4,0,2,1,2,-0.47471296885265585,1,1,1,1,1,1
1,0.654727499347876,3,6,0.1992223483288383,2,0,3,3,2,2,0,-0.7484934669093309,1,1,1,1,1,1
1,-0.19176267172619155,3,3,-0.24703374235437003,2,0,2,3,2,2,0,-1.2047942970037895,1,1,1,1,1,0
3,0.09040071863183098,1,3,-0.3284263626676596,2,2,4,0,2,4,1,-1.1135341309848978,1,1,1,1,1,1
0,2.065544451137989,0,0,0.26938840032305345,0,1,4,3,2,2,0,-0.47471296885265585,1,1,1,1,1,1
1,-1.3204162331582816,1,4,-0.9964071776525878,2,3,1,0,2,4,2,0.3466285253173695,1,1,2,1,1,1
3,-0.7560894524422366,1,4,-1.079670892685723,0,1,4,0,2,3,0,1.44175051754407,1,1,2,1,1,1
1,1.5012176704219435,1,3,1.1137198926534424,2,0,3,3,1,2,1,-0.6572333008904393,1,1,2,1,1,1
3,-0.19176267172619155,1,6,-0.6586745807204322,3,3,4,3,2,4,0,0.9854496874496115,1,1,2,1,1,1
3,-1.3204162331582816,3,6,-0.7690691691913307,0,3,2,3,2,4,2,0.6204090233740446,0,0,1,2,1,1
3,-0.9441983793475849,3,6,-0.4986959821736217,2,0,1,3,2,4,1,0.2553683592984778,1,1,1,1,0,1
2,1.5012176704219435,3,6,1.3368479379950466,2,0,4,3,2,1,0,-1.0222739649660062,1,1,1,1,1,1
0,0.3725641089898535,1,9,2.230295666721386,3,3,2,0,2,4,2,-0.5659731348715475,1,2,1,1,1,1
0,0.3725641089898535,2,0,1.8602866858718916,0,1,4,3,2,4,0,0.07284802726069438,1,2,1,1,1,1
1,-0.7560894524422366,3,3,-0.7990066847088625,2,0,2,0,2,4,0,-1.387314629041573,1,2,1,1,1,0
1,-1.038252842800259,1,7,-0.7962000426290939,0,3,3,3,1,4,3,1.1679700194873948,1,1,2,2,0,1
1,-0.7560894524422366,0,8,-1.2401172649124952,2,3,4,2,2,1,0,0.8941895214307197,0,1,1,1,1,1
0,0.3725641089898535,3,4,0.24412862160513601,0,1,2,3,2,3,0,0.2553683592984778,0,1,2,1,1,1
3,-1.3204162331582816,1,6,-0.5108580978526189,4,0,1,3,2,2,3,-0.10967230477708903,1,1,2,2,1,1
3,0.3725641089898535,1,6,-0.05524653357018195,0,3,3,3,2,4,3,0.07284802726069438,1,1,1,2,1,1
3,-0.19176267172619155,1,4,-0.9051913100601081,2,2,4,0,2,1,1,-0.47471296885265585,1,1,2,1,1,1
3,-0.47392606208421406,3,1,-0.8083621583080912,1,1,4,3,2,3,1,0.07284802726069438,1,1,2,1,1,1
0,-0.9441983793475849,3,4,2.0197975107387403,2,4,2,3,2,4,2,2.4456123437518786,0,0,1,1,1,1
3,1.5012176704219435,3,4,-0.9734862673344775,1,3,4,3,2,4,1,0.07284802726069438,1,1,1,1,1,1
3,-1.3204162331582816,3,3,-0.005662523494269916,1,0,1,3,2,2,0,-0.29219263681487245,1,1,1,1,1,1
1,-0.19176267172619155,3,3,-0.8696405103830391,2,4,4,0,2,2,0,-0.20093247079598073,1,1,1,1,1,0
0,-0.8501439158949108,3,3,-0.6610134491202394,3,2,4,0,2,1,3,-1.387314629041573,1,1,1,1,1,1
3,0.3725641089898535,3,3,0.4593045143873958,2,1,2,0,2,4,1,-0.9310137989471143,1,2,1,1,1,1
0,0.3725641089898535,1,0,-0.4935504716940459,2,3,4,1,2,4,3,-0.38345280283376415,1,1,2,1,1,0
1,-0.47392606208421406,4,4,-0.9543075464560588,2,3,4,3,2,3,0,-0.20093247079598073,1,2,2,2,1,0
3,-0.7560894524422366,3,3,-1.041781224608847,2,0,4,0,2,1,3,-0.8397536329282227,1,1,1,1,1,1
0,0.3725641089898535,2,3,-0.43320766697902086,2,4,3,0,2,2,1,-0.10967230477708903,1,1,1,1,1,0
0,-1.1323073062529332,3,6,-0.7372605589539531,2,0,4,3,1,2,3,-0.20093247079598073,1,1,1,1,0,1
1,0.09040071863183098,2,2,0.19828680096891543,2,2,2,3,2,1,1,-0.8397536329282227,1,1,2,1,1,0
3,0.9368908897058985,0,9,2.1025934520919143,4,4,4,0,2,1,3,1.6242708495818534,0,1,1,1,1,0
1,-0.7560894524422366,3,3,-0.19323976915880509,2,0,2,1,2,1,0,0.6204090233740446,1,1,1,1,1,1
1,-1.3204162331582816,1,6,-1.2405850385924566,1,3,4,3,2,4,0,1.5330106835629618,1,1,2,1,1,1
3,-0.7560894524422366,3,6,-0.48045280865512574,2,1,4,3,2,2,0,-0.38345280283376415,1,2,2,2,1,1
1,0.09040071863183098,1,4,-1.1315937711614423,2,3,4,3,2,4,3,2.4456123437518786,1,1,2,1,1,1
3,1.5012176704219435,2,0,2.2359674225909183,2,2,1,1,2,1,0,-0.6572333008904393,1,1,2,1,1,0
0,1.5012176704219435,2,0,0.6852392018087685,2,0,2,1,2,2,3,-0.47471296885265585,2,1,2,1,1,0
1,0.09040071863183098,0,4,-0.628269291522939,4,0,4,3,2,2,1,0.4378886913362612,1,1,2,2,1,0
3,0.3725641089898535,1,3,0.3680886467949161,3,0,4,3,2,4,3,1.3504903515251783,1,1,1,1,1,1
0,-0.19176267172619155,1,4,-0.9851806093335134,2,3,4,3,2,4,0,0.07284802726069438,0,1,1,2,1,0
3,-0.47392606208421406,1,6,-0.7625203376718707,2,0,4,3,2,2,1,-0.38345280283376415,1,1,2,1,1,1
0,-1.038252842800259,0,9,1.0005186621027753,2,3,2,0,2,4,2,2.4456123437518786,0,0,1,2,1,0
0,-0.3798715986315399,1,4,-0.849058468464736,2,4,2,3,2,3,0,2.4456123437518786,1,0,3,1,1,1
1,-0.7560894524422366,3,6,-1.0834130821254147,0,1,4,2,2,1,1,-1.387314629041573,1,1,1,1,1,0
0,-0.19176267172619155,4,3,0.11876527537547162,2,0,1,0,2,4,0,-0.20093247079598073,0,1,2,1,1,1
3,0.3725641089898535,3,0,0.7488564222835237,3,0,2,3,2,3,1,1.715531015600745,1,1,3,1,1,0
0,2.065544451137989,4,0,0.3994294833523322,0,1,4,3,2,4,2,-0.10967230477708903,1,0,1,2,1,0
0,0.654727499347876,3,0,0.43264141462959405,2,0,4,3,2,2,0,0.07284802726069438,1,1,1,2,1,0
3,-1.3204162331582816,3,6,-0.41262562506071776,2,1,2,2,2,2,3,-0.5659731348715475,1,2,1,1,1,1
0,2.065544451137989,3,6,0.019129481543686103,0,0,4,3,1,4,1,-1.2960544630226811,1,2,1,1,1,0
0,-1.038252842800259,1,2,-0.6965642487973084,2,3,2,0,2,3,0,-0.10967230477708903,1,1,2,1,1,0
3,-1.3204162331582816,1,6,-0.7522293167127191,2,0,1,0,2,1,0,-0.6572333008904393,1,1,2,1,1,1
0,-0.7560894524422366,3,3,-0.9538397727760973,0,2,4,0,2,4,0,-0.7484934669093309,0,2,4,1,1,0
0,0.3725641089898535,3,9,-0.1076371857258626,4,3,4,3,2,4,2,0.07284802726069438,0,0,1,1,1,1
0,-0.19176267172619155,2,3,0.6113309603748619,2,3,4,1,2,3,2,0.4378886913362612,1,1,1,1,1,0
3,-1.038252842800259,1,2,-0.9608563779755188,1,3,4,3,2,2,0,1.5330106835629618,1,1,2,1,1,1
1,-0.7560894524422366,3,4,-0.8523328842244661,2,0,4,2,2,3,3,-0.7484934669093309,1,1,1,1,1,1
3,0.654727499347876,2,0,0.9949053779432381,2,1,3,3,2,4,0,-0.8397536329282227,1,1,2,1,1,1
1,-0.7560894524422366,3,8,-0.9767606830942076,2,1,4,2,2,4,1,-1.2960544630226811,1,2,1,1,1,0
3,-0.7560894524422366,1,4,-0.699370890877077,2,3,4,3,2,1,3,0.2553683592984778,1,1,2,2,1,1
1,0.9368908897058985,1,9,2.2359674225909183,2,3,3,3,2,4,2,0.2553683592984778,1,0,3,2,1,1
3,-0.7560894524422366,1,3,-0.4935504716940459,2,3,4,3,2,4,3,0.7116691893929363,1,1,3,1,1,1
0,-0.7560894524422366,1,1,-0.7325828221543389,2,1,4,3,2,3,1,-0.8397536329282227,1,1,1,1,1,1
1,0.3725641089898535,3,0,1.6736449875672792,2,0,2,2,2,2,0,-1.2960544630226811,2,1,1,1,1,1
3,-0.7560894524422366,3,9,-0.7377283326339146,3,1,3,3,2,2,1,1.8067911816196367,1,1,1,1,0,1
3,-1.038252842800259,1,6,0.03924374978202778,4,0,1,3,2,2,3,-0.20093247079598073,1,1,2,2,1,1
3,1.5012176704219435,3,6,0.3952195202326793,4,3,2,0,2,4,3,0.8941895214307197,1,1,1,1,1,1
1,0.654727499347876,4,0,1.0772335456164506,2,4,2,3,2,4,1,1.3504903515251783,2,1,2,1,1,0
2,0.9368908897058985,2,0,-0.5061803610530047,2,3,4,3,2,4,3,2.4456123437518786,1,1,1,1,1,0
3,1.5012176704219435,1,6,0.16460709601169218,4,3,4,3,2,2,0,1.44175051754407,1,1,1,1,1,1
0,-1.3204162331582816,1,8,-0.9627274726953645,4,1,1,0,2,3,1,0.3466285253173695,1,1,2,1,1,1
1,-0.19176267172619155,4,0,0.05327696018087081,2,1,3,3,2,1,1,-0.38345280283376415,0,1,1,1,1,1
2,1.5012176704219435,3,6,0.4317058672696712,2,0,2,3,2,2,3,-1.1135341309848978,1,1,1,1,1,1
1,0.3725641089898535,3,3,0.01445174474407176,2,0,2,1,2,2,3,-1.0222739649660062,1,2,1,1,1,1
3,-0.9441983793475849,3,4,-0.7606492429520249,2,0,2,0,2,4,0,2.4456123437518786,1,1,1,1,1,1
0,-0.7560894524422366,3,6,-1.106333992443525,2,2,4,2,1,1,3,-0.8397536329282227,0,1,1,1,1,1
1,-0.7560894524422366,3,2,-0.8373641264657001,4,0,4,0,2,4,1,-1.1135341309848978,0,2,1,1,1,1
3,-0.7560894524422366,3,6,-1.0679765506866872,2,0,4,3,2,2,3,-0.47471296885265585,0,1,2,1,1,1
3,0.3725641089898535,2,0,-0.005662523494269916,4,0,4,3,2,4,3,-0.29219263681487245,1,1,2,2,1,1
3,-0.47392606208421406,3,9,0.7797294851609783,2,0,3,3,2,2,0,-0.47471296885265585,1,1,1,1,1,1
3,1.5012176704219435,4,7,-0.17639991668019345,2,0,4,3,2,2,0,-0.7484934669093309,1,1,2,1,1,1
0,2.065544451137989,3,6,2.2359674225909183,3,1,1,3,0,2,2,-0.7484934669093309,0,1,2,1,1,0
1,-0.7560894524422366,3,3,2.2359674225909183,2,3,4,3,2,4,2,1.6242708495818534,1,0,1,1,1,0
3,-1.038252842800259,3,6,-0.7073230434364214,2,1,4,3,2,2,0,-1.2047942970037895,1,1,1,1,1,0
1,0.3725641089898535,3,3,0.07432677577913535,2,2,4,3,2,1,2,-1.2047942970037895,0,0,1,1,1,1
2,1.5012176704219435,3,6,0.5706346502182171,2,0,4,3,2,2,0,-0.8397536329282227,1,1,1,1,1,0
3,-1.038252842800259,3,4,-0.22598392675610549,1,3,2,3,2,4,2,1.44175051754407,1,0,1,1,1,1
3,-0.7560894524422366,3,6,-0.39718909362199045,0,1,3,3,2,1,2,-0.018412138758197326,1,1,1,1,1,1
0,-0.19176267172619155,3,6,-0.9936005355728192,2,0,4,2,1,2,3,-0.9310137989471143,1,1,1,1,1,1
3,-1.50852516006363,1,6,-0.6764499805589668,2,1,2,3,2,1,3,0.6204090233740446,1,1,3,2,1,1
1,0.3725641089898535,3,6,-0.5459411238497266,2,4,4,3,2,2,0,-0.47471296885265585,2,1,1,2,1,0
0,-1.3204162331582816,3,4,2.2359674225909183,4,4,1,3,2,2,1,-1.1135341309848978,1,1,1,1,1,0
0,0.09040071863183098,3,0,-0.10436276996613256,0,3,4,1,2,2,0,2.354352177732987,0,2,2,1,1,0
3,-0.7560894524422366,1,6,-0.7947967215892096,2,0,4,0,2,2,1,-0.018412138758197326,1,1,2,1,1,1
1,0.9368908897058985,3,6,-0.21896732155668397,2,3,1,3,1,3,1,0.3466285253173695,1,1,1,2,1,1
1,0.3725641089898535,3,4,-0.970679625254709,4,3,4,0,2,2,0,-0.5659731348715475,0,1,1,1,1,0
3,-1.3204162331582816,3,6,-0.6525935228809335,2,1,3,3,2,2,1,1.44175051754407,1,1,1,2,1,1
1,2.065544451137989,4,9,0.7554052538029837,2,3,3,3,2,4,2,-1.0222739649660062,1,0,2,2,1,0
3,-0.7560894524422366,1,0,-0.8443807316651216,2,0,3,0,2,2,3,-0.7484934669093309,1,1,2,1,1,1
3,-0.7560894524422366,0,8,0.21372333240764277,1,0,4,0,2,3,3,-0.018412138758197326,1,1,1,2,1,1
3,0.3725641089898535,3,0,-0.8102332530279369,2,1,4,3,2,1,3,-0.9310137989471143,1,1,1,1,1,1
3,-0.7560894524422366,1,6,-1.063298813887073,2,3,4,3,2,4,3,1.5330106835629618,1,1,3,1,1,1
3,-1.3204162331582816,4,4,-0.8354930317458544,0,0,4,3,2,1,2,-0.018412138758197326,0,2,1,1,0,1
2,0.3725641089898535,3,3,-0.49822820849366023,2,0,2,3,2,2,3,-0.8397536329282227,1,1,1,1,1,1
3,-0.19176267172619155,3,6,-1.1961465389961203,2,4,3,0,0,4,3,-1.2047942970037895,1,2,1,1,1,0
1,-1.3204162331582816,1,4,-1.087155271565106,3,1,3,0,2,4,3,0.3466285253173695,1,1,2,1,1,1
2,-0.7560894524422366,3,3,-0.3457339888262327,2,0,1,0,2,2,0,0.9854496874496115,1,1,1,1,1,1
0,0.9368908897058985,3,4,-0.3929791305023375,2,0,4,0,1,2,2,-1.0222739649660062,0,1,1,1,1,0
3,0.3725641089898535,2,3,0.5430360031004925,0,0,2,3,2,3,1,-0.018412138758197326,1,1,2,1,1,1
0,-1.038252842800259,3,3,-0.44911197209770964,4,1,2,3,2,1,0,-1.0222739649660062,1,1,1,1,1,1
0,2.065544451137989,2,6,2.0712526155344984,4,0,1,3,2,1,3,-0.7484934669093309,1,1,1,1,1,1
3,0.3725641089898535,1,6,-0.1431879854029316,2,0,4,3,2,2,3,-0.018412138758197326,1,1,2,1,1,1
1,-0.7560894524422366,0,6,-0.39344690418229894,2,0,4,1,2,1,2,-0.5659731348715475,1,0,1,1,1,0
3,-0.47392606208421406,3,9,0.3844607255935663,0,2,1,0,2,4,0,-1.1135341309848978,1,1,1,1,1,1
3,-0.8501439158949108,1,6,-0.8588817157439261,0,4,4,0,2,4,3,1.9893115136574202,1,1,3,1,1,1
1,-0.7560894524422366,3,3,-0.6235915547233246,2,0,2,3,2,2,3,-0.7484934669093309,1,1,1,1,1,1
1,0.3725641089898535,3,6,-0.6488513334412421,2,3,4,0,2,4,0,1.8067911816196367,1,1,1,1,1,1
1,-0.19176267172619155,1,4,1.0814435087361034,2,3,2,3,2,4,2,0.07284802726069438,1,0,3,1,1,1
3,-0.7560894524422366,1,2,-0.11325046988539982,2,3,2,0,2,4,2,1.9893115136574202,0,0,3,1,1,1
3,-0.9441983793475849,1,4,-0.8228631423868956,2,3,3,3,2,4,3,-0.29219263681487245,1,1,2,2,0,1
0,-0.47392606208421406,3,6,-1.023538051090351,2,3,4,3,2,3,0,0.1641081932795861,1,1,1,2,1,0
3,1.5012176704219435,1,0,1.5501527360574605,4,3,4,3,2,4,3,0.07284802726069438,1,1,2,1,1,1
3,0.3725641089898535,3,6,-0.6815954910385426,2,2,4,0,2,3,0,0.2553683592984778,2,1,1,1,1,1
1,-0.5679805255368883,3,4,2.2359674225909183,2,3,1,1,2,4,1,0.8941895214307197,1,1,1,1,0,0
3,0.3725641089898535,3,6,-0.9313866361379485,4,3,4,3,2,2,0,-0.9310137989471143,1,1,2,1,1,1
3,-0.19176267172619155,3,4,-0.15347900636208317,4,1,4,3,2,3,1,-0.29219263681487245,1,1,1,1,0,1
3,-0.7560894524422366,1,3,-0.7428738431134904,1,1,3,0,2,4,0,0.1641081932795861,1,2,1,1,1,1
0,2.065544451137989,0,4,2.2359674225909183,4,4,4,3,0,4,2,0.07284802726069438,1,0,1,1,1,1
0,2.065544451137989,3,6,0.0326949182625677,2,1,4,3,2,4,3,-0.6572333008904393,1,1,2,1,1,0
1,0.9368908897058985,3,7,2.2359674225909183,2,2,1,1,2,1,2,-0.10967230477708903,1,1,1,1,1,0
3,-1.038252842800259,3,6,-0.13710692756343296,2,0,1,3,2,2,3,-0.29219263681487245,1,1,1,2,1,1
3,-0.19176267172619155,1,6,-0.2741646157921332,2,0,2,0,2,2,0,-0.8397536329282227,1,1,2,1,1,1
1,-0.7560894524422366,3,3,-0.8083621583080912,4,3,2,1,2,4,1,1.2592301855062866,1,1,1,1,1,1
3,-1.3204162331582816,3,3,0.7582118958827523,2,2,1,0,2,4,1,-0.29219263681487245,1,1,1,1,1,0
3,0.3725641089898535,3,6,-0.5094547768127347,0,0,4,3,2,4,0,-0.5659731348715475,1,2,1,1,1,1
3,-0.47392606208421406,1,9,0.17676921169068946,3,3,3,3,2,4,2,-1.1135341309848978,1,2,2,1,1,1
3,-0.7560894524422366,3,3,-0.6624167701601237,2,0,4,3,2,2,3,1.3504903515251783,1,1,1,1,1,1
2,-0.19176267172619155,0,6,-0.7227595748751487,4,1,4,3,2,4,0,1.2592301855062866,0,1,1,1,1,1
3,-0.47392606208421406,1,3,-0.6876765488780412,4,3,4,3,2,4,1,2.4456123437518786,1,1,1,1,1,1
0,0.3725641089898535,1,4,0.415333788471021,0,2,4,1,2,2,0,0.1641081932795861,1,1,1,1,1,1
1,2.065544451137989,3,4,2.2359674225909183,2,2,1,0,2,1,3,-0.018412138758197326,1,1,1,1,1,1
1,2.065544451137989,3,9,0.8410078372359262,2,1,4,3,2,3,1,-0.8397536329282227,1,1,1,2,1,1
0,2.065544451137989,2,5,2.1479674990481734,0,4,2,3,2,4,2,-0.38345280283376415,1,0,1,1,1,1
0,-0.7560894524422366,3,6,-0.887883683901535,2,0,4,0,1,4,3,1.2592301855062866,1,1,2,1,1,1
1,0.3725641089898535,2,6,-0.9196922941389126,2,2,4,2,2,4,3,1.1679700194873948,2,1,1,1,1,0
3,-0.7560894524422366,3,0,-0.895368062780918,2,0,2,2,2,2,3,-0.8397536329282227,1,1,1,1,0,1
0,1.5012176704219435,3,9,2.2359674225909183,2,2,1,2,2,4,0,-0.6572333008904393,1,2,1,1,1,0
1,0.3725641089898535,1,9,1.6039467092530255,2,3,2,0,2,4,2,0.8029293554118281,1,0,2,2,1,1
2,2.065544451137989,1,9,0.8447500266756177,2,3,4,3,2,4,2,1.8980513476385286,1,0,1,1,1,1
3,2.065544451137989,1,0,2.169952862006361,4,3,4,1,2,2,0,0.9854496874496115,0,1,2,2,1,1
0,2.065544451137989,3,3,2.2359674225909183,2,2,1,0,2,2,0,-0.8397536329282227,1,1,1,1,1,0
3,-0.7560894524422366,3,9,0.7881494114002842,4,2,1,0,2,4,0,-1.387314629041573,1,2,1,1,1,1
3,-0.9441983793475849,3,4,-0.7966678163090554,4,3,4,3,0,2,1,0.8941895214307197,1,1,1,1,0,1
3,-0.19176267172619155,3,3,-0.222241737316414,2,0,3,3,2,4,3,0.7116691893929363,1,1,1,1,1,1
0,0.09040071863183098,1,3,-0.11465379092528412,3,1,3,3,2,2,0,-0.29219263681487245,1,1,2,1,1,1
3,-1.3204162331582816,3,4,-1.0843486294853375,2,4,1,0,2,4,3,1.715531015600745,1,1,1,1,1,1
0,1.5012176704219435,4,6,0.38071853615387485,2,0,4,0,2,1,0,0.6204090233740446,1,1,1,1,1,0
2,0.3725641089898535,1,4,-0.7700047165512536,4,1,4,3,2,2,3,0.1641081932795861,0,1,2,2,1,0
1,-0.9441983793475849,1,4,-0.9131434626194525,2,1,4,3,0,3,1,1.2592301855062866,1,1,2,1,1,1
3,2.065544451137989,1,4,2.2359674225909183,1,0,2,3,2,2,2,0.8029293554118281,0,0,1,1,1,0
3,-1.3204162331582816,3,3,-0.6769177542389282,3,0,4,1,2,2,3,-0.20093247079598073,1,1,1,1,1,1
3,0.9368908897058985,3,9,0.8517666318750392,4,1,2,0,2,4,1,-1.0222739649660062,2,2,1,1,1,1
1,-0.7560894524422366,3,6,-1.0586210770874587,0,2,4,2,2,3,2,-0.20093247079598073,1,1,1,1,1,0
0,-1.1323073062529332,3,3,-0.8200565003071271,2,0,3,0,2,4,3,-1.0222739649660062,1,1,1,1,1,0
0,-1.038252842800259,3,4,-1.2695870067500654,2,0,4,2,2,4,3,-1.2047942970037895,1,2,1,1,1,1
0,2.065544451137989,3,5,1.1183976294530567,4,4,3,3,2,4,2,0.4378886913362612,0,0,1,1,1,1
3,0.3725641089898535,3,3,1.1792082078480433,0,0,4,3,2,1,0,-0.9310137989471143,2,1,1,1,1,1
2,0.3725641089898535,3,3,0.3549909837559959,2,2,2,0,2,4,0,-0.8397536329282227,1,1,1,1,1,1
0,-0.7560894524422366,3,4,-1.0782675716458388,2,1,2,2,2,3,0,-0.9310137989471143,0,1,1,1,1,0
2,-1.50852516006363,3,4,-0.6998386645570385,4,2,1,3,2,2,3,-0.5659731348715475,1,1,1,2,0,1
1,1.5012176704219435,0,3,-0.11418601724532268,2,3,4,3,2,4,0,-0.38345280283376415,0,1,1,1,1,0
1,-0.7560894524422366,3,3,-1.0675087770067258,2,0,2,3,1,3,1,0.2553683592984778,1,1,1,2,1,1
0,0.3725641089898535,3,3,0.6365907390927794,4,0,1,0,2,4,1,1.1679700194873948,1,1,1,1,1,1
3,-0.7560894524422366,1,2,-1.070783192766456,2,0,4,3,2,2,0,-0.29219263681487245,1,1,2,1,1,1
1,-0.47392606208421406,2,3,0.3054069736800839,2,3,1,0,2,4,1,-0.7484934669093309,1,1,2,1,1,1
0,0.9368908897058985,1,4,0.588877823736713,2,4,4,2,2,2,0,-0.6572333008904393,1,1,2,1,1,0
1,0.3725641089898535,3,6,-0.4921471506541616,2,2,4,1,2,3,1,-0.29219263681487245,1,1,1,1,1,0
1,0.3725641089898535,3,9,-0.03747113373164745,2,1,2,3,2,1,2,-0.10967230477708903,1,0,1,1,1,1
1,-0.19176267172619155,3,3,-0.15488232740196747,3,0,4,3,2,2,0,-0.6572333008904393,1,1,1,1,1,1
3,-0.19176267172619155,1,4,-0.9178211994190668,2,0,4,0,2,3,3,0.07284802726069438,1,1,2,1,1,1
1,-1.1323073062529332,1,4,0.1908024220895325,2,1,1,3,2,4,3,0.3466285253173695,1,1,2,1,0,1
3,-0.7560894524422366,1,3,1.3148625750368592,4,3,2,3,2,4,1,1.2592301855062866,1,2,1,1,1,1
3,0.3725641089898535,3,4,-0.685337680478234,3,1,4,0,2,3,0,-0.10967230477708903,1,1,1,2,1,1
2,1.5012176704219435,3,6,0.6936591280480744,2,3,4,3,2,2,0,-0.38345280283376415,1,1,1,1,1,1
0,-1.3204162331582816,3,6,-0.8991102522206095,2,3,4,3,2,4,0,-0.6572333008904393,1,1,1,2,1,1
1,0.3725641089898535,1,9,1.6956303505254666,2,4,2,3,2,4,2,2.4456123437518786,1,0,2,1,1,1
3,-0.19176267172619155,1,2,-0.5267624029713077,0,0,4,0,2,2,3,-0.47471296885265585,1,1,2,1,1,0
0,2.065544451137989,3,4,2.066574878734884,0,2,4,0,2,2,1,-1.0222739649660062,1,1,1,1,1,0
3,2.065544451137989,1,9,2.2359674225909183,0,0,2,0,2,4,0,-1.0222739649660062,0,2,2,1,1,0
1,0.3725641089898535,4,3,0.5238572822220737,2,3,3,3,2,4,2,-1.1135341309848978,0,2,2,2,1,0
1,-1.3204162331582816,1,3,0.18425359057007243,2,0,1,1,2,4,3,0.8029293554118281,1,2,1,1,1,0
0,-0.6620349889895624,3,6,-0.4159000408204478,2,2,2,0,1,4,1,-1.1135341309848978,1,1,1,1,1,1
1,-0.47392606208421406,3,1,-0.8022811004685926,4,0,4,0,2,2,0,-1.0222739649660062,1,2,1,1,1,0
1,0.3725641089898535,3,3,0.5514559293397984,2,0,4,3,2,4,1,-0.6572333008904393,1,1,1,1,1,1
0,-0.9441983793475849,3,3,-0.6872087751980798,2,0,4,1,2,2,0,-0.38345280283376415,1,1,1,1,1,1
0,0.3725641089898535,1,2,1.287731701599096,2,2,2,0,2,4,2,-1.0222739649660062,1,0,2,1,1,1
1,0.09040071863183098,3,3,0.2848249317617808,2,1,1,0,2,4,0,-0.8397536329282227,1,2,1,1,1,1
0,-0.19176267172619155,3,6,0.10426429129666714,1,2,1,2,2,3,3,-0.9310137989471143,1,2,1,1,1,1
0,-0.19176267172619155,3,0,0.6777548229293856,2,3,1,3,0,1,3,-0.20093247079598073,0,1,1,1,1,1
2,-0.9441983793475849,3,4,0.4485457197482828,2,2,1,3,1,1,1,0.1641081932795861,1,1,1,2,1,1
3,-0.47392606208421406,1,6,-0.7162107433556887,2,0,4,0,2,2,0,0.7116691893929363,1,1,1,1,1,1
0,-0.6620349889895624,1,6,-0.9861161566934362,2,2,4,3,1,4,3,-1.1135341309848978,1,1,2,1,1,1
0,0.3725641089898535,3,6,0.35920094687564885,1,4,1,0,2,4,2,-1.1135341309848978,1,2,1,1,1,1
3,-1.3204162331582816,2,0,-0.5833630182466413,0,0,1,3,2,2,3,-0.10967230477708903,1,1,2,1,1,1
0,-1.038252842800259,1,2,-0.8673016419832319,3,3,4,3,2,3,2,-0.29219263681487245,1,0,2,2,1,0
3,-1.038252842800259,3,1,-0.8205242739870885,2,2,1,0,2,4,3,-1.1135341309848978,1,2,1,1,1,1
0,-1.038252842800259,3,3,-0.9500975833364058,2,0,1,0,2,2,0,-0.5659731348715475,1,1,1,1,0,0
3,-0.19176267172619155,1,9,0.1117486701760501,4,4,2,3,2,4,2,0.2553683592984778,1,1,1,1,1,1
1,-0.7560894524422366,4,6,1.50103649966151,2,0,4,3,2,2,1,-0.6572333008904393,1,2,2,1,1,0
3,-0.9441983793475849,3,2,-1.0586210770874587,1,3,4,3,2,4,2,0.9854496874496115,1,0,1,1,1,1
0,0.3725641089898535,3,4,-0.8158465371874741,2,2,4,3,2,2,3,-1.1135341309848978,2,1,1,1,1,0
3,-0.7560894524422366,1,6,-0.3083120944293179,4,3,1,3,0,4,3,1.2592301855062866,1,1,1,1,1,1
3,1.5012176704219435,2,6,0.68898139124846,2,0,4,3,2,2,0,-0.8397536329282227,1,1,2,1,1,0
3,-0.7560894524422366,3,6,-1.0357001667693482,2,0,4,2,2,2,3,-0.6572333008904393,1,1,1,1,1,1
1,0.9368908897058985,3,3,-0.27322906843221034,2,1,4,0,2,4,3,-1.1135341309848978,1,2,1,1,1,0
0,-0.19176267172619155,3,2,-0.8191209529472042,4,0,4,3,2,4,2,2.354352177732987,1,0,1,1,1,1
2,-0.7560894524422366,3,6,0.19127019576949394,4,3,2,3,2,3,0,0.1641081932795861,1,1,1,1,1,1
2,-0.7560894524422366,2,4,-0.3476050835460784,2,0,2,0,2,2,0,0.07284802726069438,2,1,2,1,1,1
3,-1.3204162331582816,3,3,-0.5726042236075283,2,0,1,2,2,2,1,-1.2960544630226811,1,2,1,1,1,1
1,-0.19176267172619155,3,3,-0.24188823187479425,2,4,4,3,2,1,0,-0.9310137989471143,1,1,1,1,1,0
3,-0.7560894524422366,3,0,-0.6773855279188896,2,1,2,3,2,4,0,0.07284802726069438,1,1,1,1,1,1
3,-0.19176267172619155,1,9,0.4022361254321008,2,1,3,3,2,1,0,-0.7484934669093309,1,1,2,1,1,1
1,-0.19176267172619155,3,3,0.30868138943981394,2,2,1,0,2,4,0,-1.2047942970037895,1,2,1,1,1,1
1,1.5012176704219435,3,3,0.21325555872768134,2,3,4,3,2,2,0,0.6204090233740446,1,1,1,2,1,0
0,-0.19176267172619155,3,3,0.005096271144843074,2,1,2,0,2,4,3,0.4378886913362612,1,2,1,1,1,1
3,1.5012176704219435,3,4,0.04158261818183495,4,0,4,3,2,4,3,0.07284802726069438,1,1,1,1,1,1
3,-0.19176267172619155,1,6,1.440693694946485,2,3,3,3,2,4,0,-0.20093247079598073,1,1,2,1,1,1
3,-0.9441983793475849,1,3,-0.39485022522218327,2,2,1,0,2,3,3,-1.1135341309848978,1,2,2,1,1,1
3,2.065544451137989,1,4,2.2359674225909183,4,3,2,3,2,4,2,2.4456123437518786,0,0,1,1,1,1
0,2.065544451137989,0,5,2.2359674225909183,0,3,3,0,2,4,2,2.2630920117140954,0,0,2,1,1,0
1,2.065544451137989,0,0,2.196148188084201,2,1,2,0,1,4,0,0.1641081932795861,1,2,1,1,1,0
3,-0.19176267172619155,2,6,-0.3134576049088937,2,4,2,2,2,3,3,-0.10967230477708903,1,1,2,1,1,1
3,-1.2263617697056075,2,6,-1.002956009172048,4,3,3,3,2,4,2,0.07284802726069438,1,0,1,1,1,1
0,1.5012176704219435,3,4,2.2359674225909183,2,3,4,3,2,2,2,1.9893115136574202,1,0,1,1,1,0
3,-1.3204162331582816,1,4,-1.2293584702733822,0,0,4,0,2,4,0,1.5330106835629618,1,1,2,1,1,1
1,-0.003653744820843193,3,3,-0.3639771623447286,4,1,4,3,2,4,0,0.3466285253173695,1,1,1,1,1,1
0,-0.19176267172619155,3,9,2.2359674225909183,2,4,3,0,2,4,2,0.2553683592984778,1,0,1,1,1,0
3,0.18445518208450515,3,4,-0.7985389110289011,4,1,4,0,2,4,1,-0.9310137989471143,1,2,1,1,1,1
2,-0.7560894524422366,3,4,-0.7765535480707136,2,2,4,3,2,1,3,-0.8397536329282227,1,1,1,1,1,1
3,0.9368908897058985,2,0,0.599636618375826,0,0,2,3,2,2,1,-0.8397536329282227,1,1,2,1,1,1
3,-0.19176267172619155,1,6,-0.3518150466657313,2,0,2,0,2,1,0,-0.9310137989471143,1,1,2,1,1,1
3,-0.19176267172619155,3,6,-0.8719793787828463,4,2,4,0,2,2,3,-1.2960544630226811,1,2,1,1,1,1
0,-0.19176267172619155,1,3,2.050670573616195,2,4,4,3,2,4,1,0.4378886913362612,2,1,2,1,1,1
0,-0.47392606208421406,1,0,-0.3106509628291251,1,0,2,3,2,4,0,-0.7484934669093309,0,1,1,1,1,1
3,-1.038252842800259,3,0,-0.7208884801553029,2,1,3,0,2,2,0,-0.7484934669093309,1,1,2,1,1,1
3,-0.19176267172619155,3,4,-0.5473444448896109,2,0,2,2,2,2,1,-0.47471296885265585,1,1,1,1,1,1
0,-0.7560894524422366,3,3,-0.9388710150173314,3,2,1,0,2,4,3,-1.4785747950604646,1,2,1,1,1,1
1,1.5012176704219435,3,4,0.12110414377527878,2,1,2,3,2,4,2,0.3466285253173695,0,0,1,2,1,1
1,-1.3204162331582816,1,6,-0.48325945073489435,2,1,1,0,2,4,0,-0.38345280283376415,1,1,1,1,1,1
3,-1.038252842800259,1,3,-0.27322906843221034,2,4,2,3,2,3,0,-0.38345280283376415,1,1,1,1,1,1
0,1.783381060779966,2,2,2.2359674225909183,0,1,2,3,2,3,2,-0.29219263681487245,1,2,1,1,1,1
1,-0.7560894524422366,3,3,-0.19277199547884363,2,4,3,0,2,4,2,1.8067911816196367,1,0,1,1,1,1
1,1.5012176704219435,1,3,-0.30035994186997356,2,0,3,2,2,2,1,0.9854496874496115,1,1,2,1,1,1
0,-0.7560894524422366,3,4,-0.8266053318265871,2,3,1,1,2,1,3,0.9854496874496115,1,2,2,1,1,0
3,0.3725641089898535,1,6,-0.6895476435978869,3,0,4,0,2,1,3,0.7116691893929363,1,1,2,1,1,1
3,-0.19176267172619155,3,6,-0.7096619118362285,2,2,3,2,2,4,3,0.3466285253173695,1,1,1,1,1,1
0,-0.19176267172619155,1,0,-0.5160036083321947,4,0,4,2,2,4,3,-0.6572333008904393,0,1,2,1,1,1
3,0.3725641089898535,2,0,2.2359674225909183,2,2,2,3,2,2,0,-0.7484934669093309,0,1,2,1,1,0
3,-0.5679805255368883,2,4,-1.023538051090351,2,0,4,3,2,2,0,-0.7484934669093309,1,1,2,1,1,1
0,-0.19176267172619155,2,4,-0.04261664421122323,4,3,4,3,2,4,0,0.7116691893929363,1,1,1,2,1,1
0,0.3725641089898535,3,6,-0.44490200897805676,2,2,1,2,2,1,1,-1.2047942970037895,1,1,1,1,1,0
3,0.3725641089898535,1,9,-0.37099376754415014,4,1,4,3,2,4,0,0.7116691893929363,1,1,2,2,1,1
1,-0.47392606208421406,3,6,-0.906126857420031,2,2,4,2,2,2,3,-0.7484934669093309,1,1,1,1,0,1
3,0.3725641089898535,3,6,0.1145553122558187,1,3,3,1,2,2,0,-0.8397536329282227,1,1,1,1,1,1
2,-0.7560894524422366,1,4,-0.9594530569356345,1,1,4,2,2,2,3,-0.6572333008904393,1,1,3,1,1,0
0,0.3725641089898535,3,6,-0.47858171393528,2,3,4,0,2,4,0,-1.387314629041573,1,1,1,1,1,1
3,1.219054280063921,1,9,1.9940699583408616,2,1,3,3,2,2,0,-0.018412138758197326,1,1,2,1,1,1
3,-0.7560894524422366,1,0,-0.32655526794781387,2,4,4,3,2,2,0,0.6204090233740446,2,1,2,1,1,0
3,-0.9441983793475849,3,4,-0.6516579755210107,1,0,3,3,2,2,2,0.4378886913362612,1,2,1,2,0,1
1,0.3725641089898535,3,4,-0.7526970903926805,4,0,4,0,2,2,1,-0.018412138758197326,1,1,1,1,1,0
3,1.5012176704219435,1,9,1.3340412959152779,2,3,2,3,2,2,1,-0.018412138758197326,1,1,2,2,1,1
1,-0.7560894524422366,3,4,-0.1923042217988822,2,2,4,3,2,1,3,-0.20093247079598073,1,1,1,2,1,0
1,-0.19176267172619155,2,2,2.2359674225909183,4,0,1,0,2,2,0,-1.1135341309848978,1,2,2,1,1,1
3,0.09040071863183098,3,4,-0.09734616476671104,1,1,1,0,2,2,0,-0.38345280283376415,0,1,1,1,1,1
0,-0.19176267172619155,3,4,-0.9112723678996068,4,0,4,0,2,2,1,-0.20093247079598073,1,1,1,1,1,0
3,-0.47392606208421406,3,4,0.09163440193770842,3,1,2,0,2,3,0,-1.387314629041573,1,2,1,1,1,1
0,-0.7560894524422366,3,9,-0.4500475194576325,4,0,4,3,2,2,0,-0.47471296885265585,1,1,1,1,1,1
0,-0.7560894524422366,1,4,-0.9505653570163672,2,1,2,3,2,3,3,1.0767098534685031,1,1,2,2,1,1
3,0.09040071863183098,2,3,-0.6544646176007793,0,1,4,3,2,3,3,-0.10967230477708903,1,1,2,1,1,1
0,-0.7560894524422366,3,3,-0.10670163836593972,4,3,1,0,2,2,1,-0.9310137989471143,0,1,1,1,1,0
0,-0.19176267172619155,3,9,-0.09874948580659534,2,0,1,2,2,3,0,-1.2960544630226811,1,2,1,1,1,1
3,0.7487819628005502,1,6,-0.11558933828520698,2,3,4,3,2,2,0,-0.5659731348715475,1,1,2,1,1,1
3,-0.19176267172619155,1,6,-0.8612205841437333,3,0,4,3,2,3,3,0.9854496874496115,1,1,2,1,1,1
3,-1.038252842800259,3,3,-0.7845057006300581,2,3,1,3,2,4,0,-1.387314629041573,1,1,1,1,1,1
1,-0.19176267172619155,1,7,-0.8420418632653145,2,4,2,0,2,4,2,1.8067911816196367,1,0,3,2,1,0
3,-1.4144706966109557,3,0,0.21419110608760422,2,1,1,3,2,4,3,2.4456123437518786,1,1,1,1,1,1
0,0.3725641089898535,3,5,2.2359674225909183,2,0,2,3,0,3,0,-0.5659731348715475,0,1,2,1,1,0
1,-1.3204162331582816,1,3,-0.5230202135316163,2,4,4,3,2,4,2,0.07284802726069438,1,0,3,1,1,1
3,0.3725641089898535,1,7,-0.43601430905878946,2,0,4,1,2,2,3,-0.20093247079598073,1,1,2,1,1,1
1,-1.038252842800259,3,3,-0.39952796202179763,2,0,3,3,2,2,3,-0.9310137989471143,1,1,1,1,1,1
0,-0.7560894524422366,3,6,-0.7045164013566528,4,0,2,2,2,1,3,-0.9310137989471143,1,1,1,1,1,0
3,-1.3204162331582816,3,7,-1.0899619136448746,1,1,2,2,2,4,3,-1.1135341309848978,1,2,1,1,1,1
3,0.3725641089898535,1,4,-0.7966678163090554,3,3,4,0,2,4,3,0.1641081932795861,1,1,2,1,1,1
1,2.065544451137989,1,7,0.18893132736968676,2,4,4,3,0,4,0,2.4456123437518786,1,1,2,1,1,1
2,-0.7560894524422366,0,0,-1.1138183713229077,2,2,4,0,2,1,3,-0.8397536329282227,1,1,1,1,1,0
3,-0.7560894524422366,3,4,-0.5174069293720791,2,3,4,3,2,4,0,0.3466285253173695,1,1,1,1,1,1
1,-0.7560894524422366,3,3,-0.6408991808818977,2,0,2,0,0,3,1,-0.47471296885265585,1,1,1,1,1,1
0,-0.003653744820843193,2,5,-0.1689155378008105,2,0,2,3,2,3,0,-0.5659731348715475,0,1,2,1,1,1
3,-0.7560894524422366,3,2,-1.06236326652715,2,3,4,3,2,4,0,0.5291488573551529,0,1,1,2,1,0
0,2.065544451137989,1,3,0.9850821306640479,2,0,2,0,2,3,0,-0.47471296885265585,1,1,1,1,1,0
3,-1.038252842800259,1,2,-0.816782084547397,4,3,4,0,2,4,1,0.5291488573551529,1,2,2,1,1,1
1,1.5012176704219435,3,4,-0.5370534239304593,2,2,4,0,2,4,0,-0.10967230477708903,1,1,1,1,1,0
0,-1.2263617697056075,3,6,-0.1937075428387665,2,0,2,3,1,2,3,-0.018412138758197326,1,1,1,1,1,1
2,-0.7560894524422366,3,3,-0.7325828221543389,4,3,3,0,2,4,3,1.8067911816196367,1,1,1,1,1,1
0,-0.47392606208421406,2,7,-0.6914187383177326,3,0,3,2,2,3,1,2.354352177732987,2,1,2,1,1,0
3,1.5012176704219435,1,9,2.2359674225909183,4,0,4,3,2,2,0,-0.47471296885265585,1,1,1,1,1,1
3,-1.3204162331582816,3,6,-1.1563857761993983,2,0,3,0,2,1,3,-0.5659731348715475,1,1,1,1,1,1
3,-0.7560894524422366,4,3,-0.10810495940582403,2,3,2,3,2,4,1,-0.10967230477708903,1,1,2,1,1,1
3,0.3725641089898535,3,9,-0.14973681692239169,2,3,4,3,2,4,0,-0.018412138758197326,1,1,1,1,1,1
1,0.3725641089898535,3,4,0.8545732739548078,2,1,2,3,0,3,1,-0.38345280283376415,1,1,1,1,1,0
3,0.3725641089898535,3,9,-0.14552685380273878,2,2,4,0,2,1,2,-0.5659731348715475,1,1,1,1,1,1
1,-0.8501439158949108,1,4,0.4279636778299797,2,0,2,3,2,2,3,0.07284802726069438,1,2,2,2,1,1
1,-0.7560894524422366,3,9,0.18518913792999528,2,3,3,3,2,4,2,-0.018412138758197326,1,0,1,1,1,0
1,-1.3204162331582816,3,1,-1.2382461701926493,2,2,4,0,2,1,3,-0.7484934669093309,1,1,1,1,1,1
3,-0.19176267172619155,3,6,0.750259743323408,2,2,3,3,2,2,0,-0.29219263681487245,1,1,1,1,1,1
1,1.5012176704219435,3,3,0.2946481790409709,2,0,1,3,1,2,1,0.1641081932795861,1,1,1,2,1,1
1,-0.47392606208421406,3,4,-0.5936540392057928,2,2,2,3,2,3,3,0.07284802726069438,1,1,1,1,1,1
0,-0.7560894524422366,3,3,0.012580650024226023,2,2,3,0,2,1,3,-0.10967230477708903,1,2,1,1,1,1
0,-0.7560894524422366,3,8,-1.0459911877284997,4,3,4,3,2,4,1,0.2553683592984778,1,1,2,1,1,1
3,-0.19176267172619155,3,0,-0.4865338664946244,2,1,4,3,2,1,0,-0.10967230477708903,2,1,2,1,1,1
1,0.3725641089898535,3,9,-0.03092230221218737,2,0,3,3,1,4,2,2.4456123437518786,0,1,1,2,1,1
1,0.3725641089898535,2,6,-0.6226560073634018,2,2,4,0,2,2,0,-0.5659731348715475,1,2,1,1,1,0
3,2.065544451137989,2,6,1.98705335314144,4,3,3,3,2,3,0,-0.29219263681487245,0,1,2,2,1,1
3,1.219054280063921,2,0,-0.10576609100601686,2,0,2,0,2,2,0,-0.8397536329282227,1,1,2,1,1,1
3,0.3725641089898535,2,9,0.7900205061201299,2,1,3,3,2,3,0,-0.018412138758197326,1,1,2,1,1,1
0,0.3725641089898535,3,6,0.0476636760213336,0,2,3,2,2,2,0,-1.2047942970037895,1,2,1,1,1,0
1,-1.3204162331582816,3,2,-1.1891299337966987,2,2,4,0,2,4,1,-1.1135341309848978,1,1,1,1,1,0
1,-1.038252842800259,3,4,-1.0927685557246434,2,0,4,3,2,3,0,-0.6572333008904393,1,1,1,1,1,0
3,-1.3204162331582816,3,8,-0.8195887266271656,4,4,4,3,2,4,1,0.07284802726069438,1,1,1,2,1,1
0,-0.19176267172619155,1,6,-0.8163143108674356,2,0,4,2,2,2,0,-0.20093247079598073,1,1,1,1,1,0
1,-0.19176267172619155,4,3,0.05795469698048515,2,2,1,0,2,4,1,-0.8397536329282227,1,2,1,1,1,0
3,1.783381060779966,3,9,-0.19698195859849654,1,0,4,3,2,4,0,-1.0222739649660062,1,1,1,1,1,1
2,0.3725641089898535,3,6,1.0112774567418883,2,1,4,3,2,2,0,-0.9310137989471143,0,1,1,1,1,1
0,-0.7560894524422366,3,0,-0.9136112362994139,0,1,3,3,2,4,3,0.3466285253173695,1,1,1,1,1,1
1,-0.47392606208421406,1,3,-0.7073230434364214,2,3,4,3,2,4,0,0.8029293554118281,1,1,2,2,1,1
0,-0.7560894524422366,1,6,0.2726628160827835,2,0,1,0,2,1,3,-1.1135341309848978,1,1,1,1,1,1
0,0.3725641089898535,3,4,-0.8368963527857387,2,2,4,3,2,1,1,-0.8397536329282227,1,1,1,1,1,1
1,0.9368908897058985,3,3,0.2955837264008938,3,3,4,0,2,4,1,1.9893115136574202,1,2,2,1,1,1
3,-0.47392606208421406,2,3,-0.9496298096564444,3,1,3,0,2,2,1,-0.47471296885265585,1,1,2,1,1,1
3,-0.7560894524422366,1,4,-0.8546717526242732,1,0,4,3,2,4,3,0.8029293554118281,1,1,1,1,1,1
0,-1.3204162331582816,2,4,-0.8331541633460472,2,4,4,3,2,4,1,1.0767098534685031,1,1,1,1,1,0
3,-0.7560894524422366,3,6,0.04064707082191208,2,0,2,3,2,4,0,1.5330106835629618,1,1,1,1,1,1
3,0.3725641089898535,3,4,0.3587331731956874,2,3,4,0,0,4,2,2.4456123437518786,1,0,1,1,1,1
3,-0.9441983793475849,3,4,-0.7353894642341074,0,0,3,3,2,2,3,-0.018412138758197326,1,2,1,1,0,1
3,-1.3204162331582816,3,4,0.24693526368490462,2,0,2,3,1,3,1,-0.8397536329282227,1,2,1,1,1,1
3,-0.7560894524422366,1,6,-0.49401824537400735,2,3,2,3,2,2,2,-0.8397536329282227,1,1,2,1,1,1
0,0.654727499347876,4,0,2.2359674225909183,2,3,2,0,2,4,2,0.6204090233740446,1,0,2,1,1,0
3,-1.3204162331582816,1,6,-0.8200565003071271,0,0,1,0,2,1,1,-0.7484934669093309,1,1,2,1,1,1
0,-1.3204162331582816,3,6,-1.2265518281936134,4,3,4,3,2,4,1,0.2553683592984778,1,1,1,1,1,1
1,-0.7560894524422366,1,4,-0.4060767935412577,2,0,3,3,2,2,3,0.3466285253173695,1,2,2,2,0,1
1,0.3725641089898535,3,3,0.002757402745035902,4,0,2,2,2,4,0,-1.387314629041573,1,1,1,1,1,0
0,1.5012176704219435,3,3,2.2359674225909183,0,2,4,3,0,1,2,-0.5659731348715475,1,2,1,1,1,0
3,0.3725641089898535,1,3,-0.6572712596805479,2,1,4,3,2,3,1,0.4378886913362612,1,1,2,1,1,1
0,-0.19176267172619155,3,6,-0.7901189847895953,2,3,4,2,1,2,3,-0.29219263681487245,1,1,1,1,1,1
2,-1.3204162331582816,1,4,-0.7798279638304437,0,3,2,1,2,4,0,-0.6572333008904393,1,1,2,2,1,1
1,0.3725641089898535,3,4,0.06216466010013806,2,2,4,0,2,1,1,-0.7484934669093309,1,1,1,1,1,0
1,1.5012176704219435,3,9,1.1707882816087374,2,3,2,3,2,4,2,0.6204090233740446,1,0,1,2,1,1
2,-1.038252842800259,3,6,-0.8719793787828463,0,3,2,1,2,4,3,1.2592301855062866,1,1,1,1,1,1
0,0.3725641089898535,1,6,-0.8298797475863172,0,2,4,3,2,4,2,0.2553683592984778,0,1,2,2,1,0
1,0.3725641089898535,3,4,-0.83408971070597,2,2,4,0,2,4,1,-1.0222739649660062,1,2,1,1,1,0
3,-0.9441983793475849,3,4,-0.7863767953499038,4,0,4,3,1,4,1,-0.7484934669093309,1,1,1,1,1,0
2,-0.47392606208421406,1,9,-0.29474665771043634,1,0,2,3,2,2,0,0.07284802726069438,1,1,1,1,1,1
0,-0.47392606208421406,0,4,1.8055571653164038,0,4,1,3,2,2,1,-0.10967230477708903,1,1,1,2,1,0
3,0.3725641089898535,3,6,-0.7377283326339146,2,0,4,2,2,2,1,-0.6572333008904393,1,1,1,1,1,1
3,1.783381060779966,3,9,2.2359674225909183,0,3,4,3,2,2,0,0.8941895214307197,1,1,1,1,1,1
1,-0.7560894524422366,3,4,-1.0436523193286926,2,1,4,3,2,2,3,-0.8397536329282227,1,1,1,1,1,0
3,1.5012176704219435,3,9,0.79329492187986,2,0,2,3,2,2,2,-0.29219263681487245,1,0,1,1,1,1
2,-0.47392606208421406,3,0,-0.1417846643630473,2,1,2,3,2,4,1,-0.8397536329282227,1,2,1,1,1,1
0,-0.7560894524422366,2,6,-1.1250449396419822,2,0,4,2,0,4,3,-1.387314629041573,1,2,2,1,1,1
3,0.3725641089898535,3,4,-0.34386289410638693,4,2,4,3,2,1,1,1.715531015600745,1,1,1,1,1,1
1,-1.3204162331582816,1,4,-1.1138183713229077,2,1,4,0,2,3,1,0.1641081932795861,1,1,2,1,0,1
1,-1.3204162331582816,1,4,-0.7620525639919092,2,2,2,3,2,4,3,0.4378886913362612,1,1,1,2,0,1
3,1.5012176704219435,1,3,1.9351304746657207,2,2,2,0,2,4,1,-1.1135341309848978,1,2,2,1,1,0
1,-1.3204162331582816,3,4,-0.8359608054258159,0,3,3,3,2,2,1,0.7116691893929363,1,1,1,1,1,1
3,-1.3204162331582816,1,6,-1.0712509664464174,4,3,4,3,2,4,2,0.07284802726069438,1,0,2,1,1,1
3,0.3725641089898535,1,7,1.1773371131281976,2,3,3,3,2,4,2,0.8029293554118281,1,0,2,1,1,1
1,-0.19176267172619155,3,6,0.09350549665755416,2,0,2,0,2,2,3,-1.0222739649660062,1,1,1,1,1,0
1,2.065544451137989,4,3,1.9313882852260293,2,0,3,3,2,4,2,1.6242708495818534,1,0,2,2,1,0
3,0.3725641089898535,3,9,0.2329020532860616,0,1,3,0,2,4,0,-1.1135341309848978,1,1,1,1,1,1
0,-0.19176267172619155,3,6,-0.8780604366223449,2,0,4,0,1,4,3,-0.8397536329282227,1,1,1,2,1,1
0,0.5606730358952019,3,9,2.2359674225909183,2,2,2,3,2,3,0,-0.47471296885265585,1,1,2,1,1,1
3,-0.47392606208421406,1,2,-0.682063264718504,0,0,4,0,2,3,0,-0.38345280283376415,1,1,1,1,1,1
3,-1.50852516006363,1,6,-0.6956287014373855,2,1,2,3,2,1,3,0.6204090233740446,1,1,2,2,1,1
1,1.5012176704219435,3,6,-0.3218775311481995,2,0,4,1,2,4,0,-0.38345280283376415,1,2,1,1,1,0
1,-1.3204162331582816,3,4,-1.0890263662849518,2,2,3,3,2,4,3,0.5291488573551529,1,1,1,2,1,1
0,1.5012176704219435,3,2,-0.3354429678670811,2,1,3,3,2,1,0,-0.29219263681487245,1,1,2,2,1,1
0,-0.47392606208421406,3,4,-0.16797999044088763,0,0,2,0,2,4,0,-0.6572333008904393,1,2,2,1,1,0
3,-0.7560894524422366,2,9,-0.6956287014373855,2,0,4,2,2,4,3,0.5291488573551529,1,2,1,1,1,1
3,0.3725641089898535,3,6,-0.7854412479899809,0,1,4,2,2,3,1,-0.8397536329282227,1,1,1,1,1,1
3,0.3725641089898535,3,6,0.05374473386083224,4,2,4,3,2,2,0,-0.9310137989471143,1,1,2,1,1,1
2,0.09040071863183098,1,2,-0.3139253785888551,2,2,2,1,2,1,0,-0.20093247079598073,1,2,1,1,1,0
1,-1.3204162331582816,3,4,-0.7559715061524106,4,4,4,0,2,3,1,2.4456123437518786,1,1,1,1,1,1
0,-0.19176267172619155,1,3,0.29090598960127945,2,3,3,0,2,4,1,0.1641081932795861,1,1,1,1,1,1
1,2.065544451137989,3,4,2.232634535121193,2,3,4,3,2,4,2,0.6204090233740446,0,0,1,1,1,0
2,-0.19176267172619155,3,3,0.02754940778299192,2,2,1,0,2,1,1,0.8941895214307197,2,1,1,1,1,1
0,-0.7560894524422366,3,6,-0.681127717358581,2,2,1,2,2,1,3,-1.1135341309848978,1,2,1,1,1,0
3,0.3725641089898535,2,4,-0.4481764247377868,2,3,4,3,2,4,2,2.2630920117140954,1,0,2,1,1,1
1,0.9368908897058985,3,3,1.5716703253356865,4,3,4,3,2,4,1,-0.38345280283376415,1,1,1,1,1,0
2,-0.19176267172619155,3,3,-0.05898872300987343,2,0,2,3,2,1,3,-0.10967230477708903,1,1,1,2,1,0
3,-0.7560894524422366,1,4,-0.8116365740678212,2,3,4,3,2,4,3,2.354352177732987,1,1,2,1,1,1
1,0.3725641089898535,2,4,-0.7751502270308294,2,4,4,3,2,2,3,0.7116691893929363,1,0,2,2,1,0
3,0.3725641089898535,1,4,-0.4528541615374011,2,0,4,0,2,4,0,0.1641081932795861,1,1,1,1,1,1
3,0.3725641089898535,3,6,-0.6727077911192753,2,1,3,3,2,1,0,-0.29219263681487245,0,1,1,2,1,1
1,-0.7560894524422366,0,6,-1.1058662187635635,2,0,4,0,2,4,3,-1.0222739649660062,0,1,1,1,1,0
3,2.065544451137989,1,9,2.2359674225909183,4,1,2,3,2,1,2,-0.018412138758197326,1,0,2,1,1,1
3,-0.7560894524422366,1,7,-0.9327899571778328,4,1,4,0,2,4,3,-1.1135341309848978,1,1,2,1,1,1
3,-1.3204162331582816,0,6,-0.5800886024869113,1,3,2,3,2,4,1,0.8941895214307197,0,1,1,2,1,1
1,2.065544451137989,3,6,1.8752554436306574,2,1,1,2,1,1,3,-0.10967230477708903,1,1,2,1,1,0
0,-0.7560894524422366,1,4,-0.46548405089635986,0,2,4,3,2,1,0,-0.7484934669093309,1,1,1,1,1,1
0,-1.038252842800259,3,2,-0.8378319001456616,2,1,4,0,2,4,1,2.4456123437518786,1,1,2,1,1,1
0,-0.7560894524422366,3,6,-0.7760857743907522,2,2,2,3,2,1,0,-1.2047942970037895,2,1,1,1,1,0
0,-0.19176267172619155,4,4,-0.33310409946727393,0,2,3,0,2,3,0,-0.6572333008904393,1,1,2,1,1,0
3,0.09040071863183098,4,4,0.9415791784276346,4,0,1,0,2,4,1,-0.5659731348715475,0,1,2,1,1,0
1,0.3725641089898535,0,3,0.2628395688035934,2,1,3,3,2,4,0,-0.7484934669093309,0,1,1,1,1,0
0,-0.19176267172619155,1,3,-0.49682488745377595,2,2,2,3,2,2,3,-0.38345280283376415,1,1,2,1,1,0
1,0.3725641089898535,3,9,-0.012211355013729996,4,3,4,3,2,4,2,1.2592301855062866,0,0,1,2,1,1
1,0.3725641089898535,0,6,-0.6755144331990438,2,1,4,3,1,4,0,-1.0222739649660062,0,2,1,1,1,0
2,-1.3204162331582816,2,6,-1.0792031190057616,2,2,2,0,2,1,1,-0.5659731348715475,0,1,1,1,1,1
0,1.5012176704219435,3,4,2.2359674225909183,4,0,1,3,2,4,2,0.1641081932795861,1,0,1,1,1,0
0,0.3725641089898535,2,0,0.8054570375588572,4,0,4,3,2,2,1,0.1641081932795861,0,1,2,1,1,1
0,0.3725641089898535,2,6,-0.6722400174393138,0,1,3,0,2,2,1,-1.1135341309848978,1,2,2,1,1,1
1,-0.7560894524422366,3,4,-0.7569070535123334,2,1,2,1,2,3,0,0.07284802726069438,1,1,1,1,1,0
3,0.3725641089898535,1,6,-0.19277199547884363,3,3,2,3,2,2,0,-0.10967230477708903,1,1,1,1,1,1
0,2.065544451137989,3,6,0.4625789301471258,4,1,4,3,2,1,0,0.5291488573551529,1,1,2,2,1,1
1,2.065544451137989,3,6,1.7625219867599518,2,0,3,0,2,2,0,-0.38345280283376415,1,1,1,1,1,0
1,0.3725641089898535,3,3,0.11408753857585727,2,2,4,0,2,4,3,-1.1135341309848978,1,2,1,1,1,0
3,0.9368908897058985,1,6,1.3864319480709586,2,1,3,3,0,2,0,0.2553683592984778,1,1,1,1,1,1
3,0.3725641089898535,3,9,1.1427218608110514,4,4,2,0,2,4,1,-0.8397536329282227,1,2,1,1,1,1
1,-0.47392606208421406,3,0,-1.0216669563705052,2,0,4,0,2,4,1,-1.2047942970037895,1,1,1,1,1,1
0,-1.038252842800259,3,6,-0.8925614207011494,2,3,4,3,2,4,0,-0.7484934669093309,1,1,2,1,1,1
3,-0.47392606208421406,1,3,-0.09453952268694243,2,1,2,0,0,3,0,-1.0222739649660062,0,1,2,1,1,1
0,-0.7560894524422366,3,6,-0.028115660132418764,2,1,2,0,2,1,3,-0.7484934669093309,1,1,1,1,1,1
3,0.3725641089898535,1,2,-0.4972926611337374,4,0,3,0,2,2,0,-0.20093247079598073,1,1,2,1,1,1
0,1.5012176704219435,1,4,-0.07957076492817654,2,2,4,1,2,4,0,-0.7484934669093309,1,1,2,1,1,0
3,0.3725641089898535,3,8,-0.9603886042955574,2,2,4,2,2,3,0,-0.7484934669093309,1,1,2,1,1,1
0,-0.19176267172619155,1,4,-0.9047235363801467,2,3,3,3,1,3,3,-0.47471296885265585,0,1,2,1,1,0
0,-0.7560894524422366,1,4,0.0626324337800995,2,2,1,3,2,3,3,1.2592301855062866,0,1,2,2,1,1
3,-1.038252842800259,3,3,-0.7494226746329504,2,0,4,0,2,2,3,-0.8397536329282227,1,2,1,1,1,1
0,1.5012176704219435,3,7,-0.2835200893913619,2,2,4,3,2,1,2,-0.20093247079598073,1,2,1,1,1,0
3,-0.7560894524422366,3,4,-0.4009312830616819,4,3,4,0,2,4,2,1.5330106835629618,1,0,1,1,1,1
1,-0.19176267172619155,3,3,-0.44490200897805676,2,0,1,0,2,4,3,-1.387314629041573,0,2,1,1,1,0
1,-1.038252842800259,1,4,-0.08939401220736666,2,0,2,3,2,2,3,0.07284802726069438,1,2,2,2,1,1
1,-0.7560894524422366,3,3,-0.7957322689491325,2,0,4,3,1,1,1,-1.2960544630226811,1,1,1,1,1,1
1,-0.19176267172619155,3,1,-0.8294119739063558,2,0,4,2,2,3,3,1.0767098534685031,1,1,1,1,1,0
1,-0.7560894524422366,1,3,-0.3480728572260398,2,3,3,3,2,3,1,2.2630920117140954,1,1,2,1,1,0
1,-0.7560894524422366,1,6,-1.2185996756342692,2,1,4,0,2,3,3,2.080571679676312,1,1,4,1,1,1
0,0.3725641089898535,2,4,-0.4795172612952029,4,0,4,0,2,4,0,0.6204090233740446,1,2,2,1,1,1
3,0.09040071863183098,3,0,-0.6633523175200465,3,3,4,0,2,4,3,0.07284802726069438,0,1,1,1,1,1
0,0.3725641089898535,3,4,-0.12728368028424283,2,0,3,0,2,4,1,-1.387314629041573,1,2,1,1,1,0
1,0.3725641089898535,0,5,-0.7634558850317935,4,3,4,3,2,3,0,0.4378886913362612,2,1,1,1,1,0
0,-1.3204162331582816,0,4,-0.9631952463753259,0,2,1,0,2,1,1,-0.29219263681487245,2,1,1,1,1,0
1,0.3725641089898535,3,4,-0.724162895915033,2,1,4,0,2,4,0,-1.1135341309848978,1,2,2,1,1,0
0,0.3725641089898535,4,0,0.5851356342970216,2,0,1,3,2,4,3,0.07284802726069438,1,1,3,1,1,0
3,-0.19176267172619155,1,4,-0.10062058052644109,2,1,2,3,2,2,1,-0.38345280283376415,0,1,2,1,1,0
3,0.3725641089898535,2,0,0.40831718327159944,2,0,1,3,2,2,2,-0.29219263681487245,1,0,1,1,1,1
0,-1.2263617697056075,3,6,-0.3092476417892408,2,2,1,0,1,1,3,0.8941895214307197,1,1,1,1,1,1
0,-1.038252842800259,3,3,-0.9692763042148246,2,0,4,0,2,1,1,-0.47471296885265585,1,1,1,1,1,0
0,0.3725641089898535,0,2,-0.5393922923302664,2,1,4,0,2,4,2,-0.10967230477708903,0,0,1,1,1,0
3,1.5012176704219435,3,3,0.16788151177142221,2,0,4,0,2,2,0,-0.6572333008904393,1,1,1,1,1,0
2,-0.9441983793475849,3,3,-0.8022811004685926,2,2,4,0,2,2,1,-1.1135341309848978,1,1,1,1,1,1
1,0.3725641089898535,0,3,-0.07582857548848507,1,0,4,3,2,4,3,-1.2047942970037895,2,1,1,1,1,1
3,0.3725641089898535,1,0,0.7184511330860304,2,0,3,3,2,2,3,2.4456123437518786,1,1,1,1,1,1
0,1.5012176704219435,3,6,-0.14926904324243026,0,0,4,0,0,4,2,1.3504903515251783,1,0,1,1,1,0
3,-0.19176267172619155,3,6,-0.43928872481851955,2,2,4,3,2,1,3,-0.20093247079598073,1,1,1,1,1,1
3,-0.47392606208421406,3,9,-0.7905867584695567,4,3,4,3,2,4,2,0.8941895214307197,0,0,1,2,1,1
1,-0.7560894524422366,3,1,-1.0520722455679985,0,4,4,0,2,3,1,-1.2047942970037895,1,1,1,1,1,0
2,-0.9441983793475849,3,4,-0.8186531792672428,0,3,1,0,2,4,2,1.1679700194873948,1,0,1,2,1,0
1,0.09040071863183098,3,6,0.1716237012111137,3,2,4,0,2,2,0,-0.5659731348715475,0,1,1,1,1,1
1,0.3725641089898535,0,9,0.3002614632005081,2,0,1,0,1,4,0,-1.2047942970037895,0,2,1,1,0,1
3,-0.19176267172619155,2,3,-0.5529577290491481,2,1,4,0,2,1,3,-1.2047942970037895,1,1,1,1,1,0
0,2.065544451137989,4,0,2.2359674225909183,4,0,2,3,2,2,0,1.1679700194873948,0,1,1,1,1,1
0,2.065544451137989,2,6,2.2359674225909183,4,0,2,3,2,2,2,-0.7484934669093309,1,0,1,1,1,1
1,-1.3204162331582816,1,4,0.3208435051188112,2,0,1,3,2,3,3,0.1641081932795861,1,2,3,2,1,1
0,0.9368908897058985,3,3,0.21091669032787416,0,0,2,0,0,4,0,-1.2960544630226811,1,2,1,1,1,0
3,-0.7560894524422366,3,4,-1.0993173872441033,2,0,4,1,2,2,3,1.2592301855062866,1,1,1,1,1,1
0,0.09040071863183098,1,0,0.3096169367997368,2,1,2,3,2,3,1,-0.7484934669093309,1,1,2,1,1,1
3,-0.19176267172619155,1,4,-0.6829988120784268,2,0,3,3,2,2,1,-0.29219263681487245,0,1,2,1,1,0
3,2.065544451137989,3,0,0.4321736409496326,4,0,4,1,2,2,3,0.2553683592984778,0,1,1,1,1,0
1,-0.7560894524422366,3,3,-0.5295690450510764,2,2,4,0,2,1,0,-1.2047942970037895,1,2,1,1,1,1
1,-0.19176267172619155,3,6,-0.18248097451969209,2,0,4,3,2,4,2,2.4456123437518786,1,0,2,1,1,0
3,-0.47392606208421406,3,6,-0.47296842977574277,4,3,4,3,2,2,0,-0.018412138758197326,1,1,1,1,1,1
2,-1.3204162331582816,3,3,-0.4088834356210263,2,0,2,3,2,2,3,0.5291488573551529,1,1,1,1,1,1
0,-1.038252842800259,0,4,-0.7265017643148401,0,1,2,3,2,3,2,-0.5659731348715475,1,1,1,1,1,0
3,2.065544451137989,1,3,0.4920486719846962,1,0,4,3,2,4,3,0.07284802726069438,1,1,2,1,1,1
3,-1.038252842800259,3,2,0.393816199192795,4,3,1,3,2,4,3,2.4456123437518786,1,1,1,1,1,1
1,0.3725641089898535,3,6,0.3133591262394283,2,0,2,0,2,4,0,-0.6572333008904393,1,1,1,1,1,1
1,-0.19176267172619155,0,3,-0.6722400174393138,2,0,4,3,2,3,0,0.8029293554118281,0,1,1,1,1,0
0,-0.47392606208421406,3,6,-0.7232273485551102,4,2,4,3,2,1,1,-1.1135341309848978,1,1,1,1,1,1
3,-1.038252842800259,3,3,-0.47250065609578135,2,2,2,0,0,2,0,-1.4785747950604646,1,2,2,1,1,0
0,0.3725641089898535,3,4,-0.7648592060716778,2,2,3,0,2,4,0,-0.9310137989471143,1,1,1,1,1,0
3,-0.7560894524422366,3,2,-0.7470838062331433,2,3,4,3,2,4,1,1.0767098534685031,0,1,3,2,1,1
3,0.3725641089898535,3,6,-0.7550359587924876,1,1,4,0,2,1,0,-0.6572333008904393,1,1,1,1,1,1
3,2.065544451137989,2,6,2.2359674225909183,2,1,2,3,2,4,0,-1.2960544630226811,1,1,2,1,1,1
3,-0.7560894524422366,3,6,-0.7003064382369999,2,2,4,0,2,3,0,-0.10967230477708903,1,1,1,2,1,1
1,2.065544451137989,2,6,0.6454784390120466,2,1,3,3,2,2,1,-0.8397536329282227,0,1,2,2,1,0
1,-0.19176267172619155,3,2,-1.0478622824483457,2,4,4,0,2,1,3,-0.7484934669093309,1,1,1,1,1,0
0,-0.47392606208421406,3,7,-0.7868445690298652,2,3,4,3,2,4,0,0.2553683592984778,1,1,2,1,1,1
3,-0.47392606208421406,3,2,0.7638251800422895,0,0,3,3,2,2,1,0.4378886913362612,1,1,1,1,1,0
3,0.3725641089898535,1,6,-0.5328434608108064,2,1,4,2,1,2,0,-0.20093247079598073,1,1,2,1,1,1
1,-0.19176267172619155,1,6,-0.5192780240919248,2,1,4,2,2,1,1,-0.29219263681487245,1,1,2,1,1,1
3,1.5012176704219435,2,0,2.2359674225909183,4,2,4,3,2,4,0,-0.7484934669093309,1,2,2,1,1,0
1,0.9368908897058985,4,3,0.7451142328438322,2,0,2,1,1,2,3,-0.29219263681487245,1,1,2,1,1,1
3,-0.7560894524422366,3,4,-0.7503582219928734,1,0,2,0,2,2,1,-0.8397536329282227,1,1,1,1,1,0
2,0.3725641089898535,3,4,-0.955710867495943,2,1,4,3,2,3,2,0.2553683592984778,0,0,1,2,1,0
1,-0.7560894524422366,3,2,-1.0787353453258002,2,0,4,3,2,4,0,0.4378886913362612,1,2,1,2,1,0
1,2.065544451137989,3,2,2.0983834889722615,2,1,4,3,2,1,2,1.3504903515251783,1,0,1,1,1,1
0,-0.7560894524422366,3,3,-0.49963152953354456,2,0,4,3,2,2,1,0.1641081932795861,1,1,1,1,1,0
1,0.3725641089898535,3,4,-0.3214097574682381,2,3,4,3,0,1,3,0.8941895214307197,1,1,1,1,1,0
0,1.5012176704219435,2,4,2.2359674225909183,0,3,2,3,2,4,0,0.6204090233740446,1,1,4,1,1,0
3,0.3725641089898535,1,9,-0.3012954892298964,2,1,4,3,2,3,0,-0.018412138758197326,1,1,2,1,1,1
1,-0.5679805255368883,3,4,0.4597722880673572,2,4,1,3,2,4,2,-1.2047942970037895,1,0,1,1,1,1
0,-0.7560894524422366,3,4,-0.9833095146136677,2,3,4,3,2,4,0,0.5291488573551529,0,1,1,2,1,0
3,2.065544451137989,3,6,2.2359674225909183,4,1,4,3,2,3,0,0.1641081932795861,2,1,1,1,1,1
0,0.9368908897058985,4,0,0.5757801606977929,2,0,2,0,2,1,0,-0.6572333008904393,1,1,2,1,1,1
0,-0.19176267172619155,1,3,1.5768158358152624,2,3,2,3,2,1,2,0.5291488573551529,1,1,1,1,1,1
2,-0.7560894524422366,3,6,-0.791990079509441,2,0,3,2,2,4,3,-1.1135341309848978,1,2,1,1,1,1
1,-0.7560894524422366,3,4,-0.9776962304541305,4,0,4,2,2,2,0,-1.1135341309848978,1,1,1,1,1,0
3,0.09040071863183098,3,3,-0.350411725625847,2,3,4,3,2,2,3,1.3504903515251783,1,1,2,1,1,1
0,-1.3204162331582816,2,3,-0.9075301784599152,2,4,4,3,2,1,1,-0.018412138758197326,2,1,2,1,1,1
2,-1.3204162331582816,1,2,-0.9089334994997996,2,0,2,0,2,4,1,1.3504903515251783,1,1,1,1,1,1
3,0.3725641089898535,1,5,1.554830472857075,2,4,4,3,0,2,2,-0.7484934669093309,0,1,2,1,1,1
0,0.9368908897058985,0,3,0.23664424272575307,3,0,4,3,2,2,0,-0.10967230477708903,2,1,1,2,1,1
3,2.065544451137989,0,0,0.2895026685613951,2,0,1,0,2,1,3,-0.7484934669093309,2,1,1,1,1,1
1,-0.7560894524422366,1,4,0.866735389633805,2,3,3,3,0,4,1,0.7116691893929363,1,2,2,1,1,0
2,0.9368908897058985,1,6,0.012580650024226023,2,3,4,3,2,4,1,1.0767098534685031,1,1,1,1,1,1
3,0.3725641089898535,1,0,0.5374227189409553,0,0,3,3,2,3,1,-0.7484934669093309,1,1,2,1,1,1
3,1.5012176704219435,3,0,1.2872639279191345,0,1,2,3,2,2,0,-0.38345280283376415,1,1,2,1,1,1
3,2.065544451137989,3,4,2.2359674225909183,2,3,2,3,2,4,1,0.6204090233740446,1,1,1,1,1,1
3,-1.3204162331582816,1,4,-0.42572328809963794,1,0,1,2,2,2,0,-1.0222739649660062,1,1,1,1,1,1
3,0.09040071863183098,2,0,-0.19183644811892078,1,2,4,3,2,2,3,0.5291488573551529,0,1,1,2,1,0
3,0.9368908897058985,1,6,0.7203222278058762,2,1,4,0,2,4,0,-0.8397536329282227,1,2,1,1,1,1
3,0.3725641089898535,1,3,1.0103419093819654,2,3,4,3,2,4,0,-0.20093247079598073,1,1,1,1,1,1
0,2.065544451137989,3,6,1.2185011969648036,0,0,2,2,2,2,0,-1.0222739649660062,1,1,1,1,1,0
1,0.3725641089898535,3,6,-0.2835200893913619,2,3,4,3,2,4,3,2.4456123437518786,0,2,1,1,1,1
3,-0.19176267172619155,3,6,-0.7190173854354572,2,2,3,0,2,1,3,-0.8397536329282227,1,1,1,1,1,1
3,-1.3204162331582816,3,2,-0.6792566226387353,2,2,1,0,2,2,2,1.8980513476385286,1,1,1,1,1,1
3,-0.7560894524422366,3,6,-0.3326363257873125,4,0,4,3,2,4,2,0.1641081932795861,1,0,1,1,1,1
3,-0.47392606208421406,2,6,-0.7073230434364214,2,0,4,2,2,3,3,-0.20093247079598073,0,1,2,1,1,1
3,0.3725641089898535,1,6,0.988356546423778,2,2,3,2,2,3,2,1.0767098534685031,1,0,3,1,1,1
0,1.5012176704219435,2,0,2.2359674225909183,0,1,1,3,2,3,1,-0.38345280283376415,1,1,2,2,1,1
3,2.065544451137989,3,4,1.6544662666888605,4,0,4,3,2,4,2,-0.10967230477708903,1,0,1,2,1,1
2,-0.9441983793475849,1,6,-0.7686013955113693,4,1,4,3,2,2,1,-0.7484934669093309,1,1,2,1,1,1
0,1.5012176704219435,2,4,-0.0599242703697963,0,3,4,3,2,3,2,-0.47471296885265585,1,0,1,1,1,1
3,-1.038252842800259,3,6,-0.11091160148559263,0,3,3,3,0,4,0,-0.018412138758197326,1,1,1,1,1,1
1,-0.7560894524422366,3,4,0.30914916311977536,3,0,1,3,2,3,1,-0.38345280283376415,1,1,1,2,1,1
1,-0.47392606208421406,1,3,-0.9426132044570229,2,0,2,1,2,3,1,-0.9310137989471143,1,1,2,1,1,1
0,-0.47392606208421406,3,7,-0.16797999044088763,0,0,3,0,2,2,3,-0.9310137989471143,1,1,1,1,1,1
0,0.3725641089898535,3,6,-0.04401996525110753,0,2,2,3,2,1,0,-0.5659731348715475,1,1,1,1,1,1
1,-1.3204162331582816,1,4,0.8073281322787029,4,2,1,3,2,3,3,0.8029293554118281,1,1,2,2,1,1
3,0.3725641089898535,3,6,-0.3302974573875053,2,1,4,3,2,2,0,-0.6572333008904393,1,1,1,1,1,1
3,-1.3204162331582816,3,9,-0.8205242739870885,1,0,2,3,2,4,1,1.3504903515251783,1,2,1,1,1,1
0,-0.7560894524422366,3,6,-0.8827381734219593,2,1,4,3,1,3,3,-0.5659731348715475,1,1,2,1,0,1
3,-0.7560894524422366,1,4,-0.9655341147751332,2,4,1,0,2,2,1,0.2553683592984778,1,1,1,1,1,1
3,-0.19176267172619155,1,6,-0.5566999184888396,2,0,4,3,2,2,0,-1.0222739649660062,1,1,2,1,1,1
2,-0.47392606208421406,3,2,-0.507583682092889,2,3,4,3,2,4,0,0.4378886913362612,1,2,1,1,1,1
3,-0.7560894524422366,3,3,-0.8733826998227305,1,0,4,0,2,4,0,-0.5659731348715475,1,2,1,1,1,0
1,2.065544451137989,1,9,1.5627826254164194,2,3,4,3,2,4,2,0.9854496874496115,1,0,2,1,1,0
2,0.3725641089898535,3,6,-0.7545681851125262,0,3,4,0,2,2,2,1.0767098534685031,1,0,1,1,1,1
0,0.9368908897058985,2,0,-0.2278550214759512,0,3,4,3,2,2,1,0.5291488573551529,2,1,2,1,1,1
0,0.654727499347876,3,0,-0.21616067947691536,2,2,4,0,2,1,1,-0.29219263681487245,1,1,1,2,1,1
3,-0.47392606208421406,3,4,1.091734529695255,1,3,1,0,2,4,2,-0.018412138758197326,1,0,1,1,1,1
0,2.065544451137989,3,4,1.6699027981275878,0,1,3,3,2,2,1,-1.0222739649660062,1,1,1,1,1,0
0,-0.7560894524422366,4,3,-0.009872486613922826,2,2,4,0,2,3,1,-0.9310137989471143,1,2,2,1,1,0
0,-1.038252842800259,3,6,-0.8345574843859316,2,3,4,0,2,4,3,-0.9310137989471143,1,1,1,1,1,1
0,-1.038252842800259,3,6,-0.40794788826110345,2,0,2,3,2,2,3,0.1641081932795861,1,1,1,2,1,1
3,-0.19176267172619155,1,6,-1.1044628977236792,1,3,4,3,2,3,1,-0.29219263681487245,0,1,2,1,1,1
1,-1.3204162331582816,0,2,-0.838299673825623,2,3,4,0,2,4,2,-0.018412138758197326,1,0,1,1,1,0
3,0.09040071863183098,3,9,-0.24048491083490994,4,3,4,3,2,4,3,0.9854496874496115,1,1,1,1,1,1
1,-1.038252842800259,1,6,-0.866366094623309,2,0,4,3,2,4,3,-0.9310137989471143,1,1,2,1,1,1
0,2.065544451137989,3,4,2.2359674225909183,2,1,4,3,2,2,2,-0.7484934669093309,1,1,1,1,1,0
3,0.9368908897058985,1,9,2.1545163305676334,4,3,1,3,2,4,0,2.4456123437518786,1,1,2,1,1,1
3,0.9368908897058985,1,6,0.04064707082191208,4,3,3,3,2,2,0,0.4378886913362612,1,1,2,2,1,1
3,-0.19176267172619155,3,6,-0.6946931540774627,2,0,4,3,2,2,2,-0.29219263681487245,1,0,1,1,1,1
2,0.3725641089898535,1,6,0.07385900209917391,4,0,3,3,2,2,0,-0.38345280283376415,1,1,2,1,1,1
0,-0.003653744820843193,4,9,1.4771800419834769,0,3,3,2,2,4,0,-0.38345280283376415,0,1,2,1,1,1
2,-1.038252842800259,4,6,-0.7732791323109837,2,2,4,3,2,2,0,-0.10967230477708903,1,1,2,1,1,0
0,-1.3204162331582816,0,2,-1.1961465389961203,3,2,4,0,2,2,1,-1.0222739649660062,0,2,1,2,1,0
1,-0.7560894524422366,3,4,-0.82426646342678,2,0,4,0,2,2,3,-1.0222739649660062,1,1,1,1,1,0
0,-1.038252842800259,3,6,-1.0291513352498882,1,0,4,0,2,3,3,2.4456123437518786,1,1,1,1,1,1
3,0.654727499347876,3,4,-0.19651418491853512,2,0,3,0,2,3,3,-1.2960544630226811,1,2,1,1,1,0
3,-1.3204162331582816,1,4,-1.2817491224290627,3,0,2,0,2,2,3,0.5291488573551529,0,1,2,1,1,1
3,-0.47392606208421406,1,6,-0.7831023795901737,1,0,2,2,2,2,1,1.0767098534685031,1,1,2,1,1,1
1,-0.19176267172619155,3,6,-0.518342476732002,2,0,4,0,2,4,0,-0.9310137989471143,0,2,2,1,1,0
0,2.065544451137989,0,0,1.6025433882131412,2,3,4,0,2,3,2,2.1718318456952037,1,2,1,1,1,0
2,0.3725641089898535,1,0,-0.8022811004685926,3,0,2,1,2,4,3,0.07284802726069438,1,1,2,1,1,1
0,0.3725641089898535,2,6,1.5964623303736427,2,2,1,3,2,2,0,-0.20093247079598073,1,1,1,1,1,1
1,0.3725641089898535,3,6,-0.4692262403360513,2,0,2,3,2,4,3,-1.2960544630226811,1,2,1,2,1,0
0,-1.1323073062529332,3,6,-1.0431845456487312,2,1,4,0,1,2,3,0.8029293554118281,1,1,1,1,1,1
3,0.3725641089898535,3,9,-0.18107765347980778,3,0,2,0,2,4,0,-0.6572333008904393,1,2,1,1,1,1
3,-1.50852516006363,1,4,0.18238249585022667,2,1,1,0,2,1,3,0.1641081932795861,1,1,1,2,1,1
0,1.5012176704219435,0,1,0.4677244406267016,4,2,3,0,2,2,2,-0.5659731348715475,0,1,1,1,1,1
0,0.3725641089898535,3,9,2.2359674225909183,2,0,1,0,2,4,0,-1.1135341309848978,1,2,2,1,1,0
1,-0.19176267172619155,3,4,0.650156175811661,0,0,3,3,2,4,0,-0.018412138758197326,1,1,1,2,1,1
3,-1.3204162331582816,1,4,1.763925307799836,2,1,1,3,2,3,2,0.8941895214307197,1,1,2,2,1,1
0,0.9368908897058985,4,0,0.6033788078155176,0,0,4,0,2,4,0,-0.8397536329282227,1,2,2,1,1,0
1,0.3725641089898535,0,4,-0.3111187365090865,0,1,2,3,2,3,0,-0.29219263681487245,0,1,1,1,1,1
0,-0.9441983793475849,0,6,-0.9084657258198382,2,0,4,3,2,4,3,-1.1135341309848978,2,1,1,1,1,1
3,0.09040071863183098,3,6,0.07947228625871113,4,3,4,3,2,3,1,0.5291488573551529,1,1,1,1,1,1
1,0.3725641089898535,0,3,-0.2372104950751799,1,0,4,3,2,4,3,-1.2047942970037895,2,1,1,1,1,1
1,1.783381060779966,1,3,2.2359674225909183,4,1,4,3,2,4,1,-0.47471296885265585,1,1,2,1,1,1
1,-0.6620349889895624,1,0,-0.5581032395287239,2,2,3,3,2,1,1,-0.6572333008904393,0,1,2,1,1,1
1,-0.47392606208421406,3,4,-0.22411283203625973,2,4,1,0,2,4,0,-1.1135341309848978,1,2,1,1,1,1
1,-0.7560894524422366,3,4,-0.802748874148554,2,2,3,0,2,1,3,0.1641081932795861,1,1,1,1,1,0
3,0.09040071863183098,3,9,1.056183730018186,4,0,1,3,2,3,0,-0.8397536329282227,1,1,1,1,1,1
3,-0.47392606208421406,3,9,0.018193934183763236,2,1,2,3,2,2,0,-0.20093247079598073,1,1,1,1,1,1
1,-1.3204162331582816,3,3,-1.1984854073959275,2,3,2,0,2,1,1,1.2592301855062866,0,1,1,1,1,1
1,-0.19176267172619155,3,4,-0.9421454307770614,2,2,1,0,2,2,0,-1.1135341309848978,1,1,1,1,1,0
0,-0.7560894524422366,3,0,-1.005294877571855,0,1,2,0,2,4,3,-1.1135341309848978,1,2,1,1,1,1
3,0.9368908897058985,1,6,1.3008293646380162,2,1,4,0,2,2,0,-0.9310137989471143,1,1,2,1,1,1
3,-0.7560894524422366,2,7,-0.671304470079391,3,3,4,3,2,4,2,1.8067911816196367,1,0,2,2,1,0
1,0.3725641089898535,3,4,-0.7976033636689782,4,1,4,0,2,4,2,-0.29219263681487245,1,2,1,1,1,0
2,-1.3204162331582816,1,4,-0.7910545321495182,2,0,1,3,2,1,3,2.4456123437518786,1,1,3,2,0,1
2,-0.47392606208421406,1,6,-0.8041521951884383,4,0,3,3,2,4,2,0.3466285253173695,1,0,2,1,1,0
3,0.3725641089898535,3,4,-0.7470838062331433,2,0,2,3,1,2,3,-0.38345280283376415,1,1,1,1,1,1
1,-0.7560894524422366,1,4,-1.0754609295660702,2,3,4,3,2,3,1,-0.018412138758197326,1,1,2,1,1,0
3,-0.47392606208421406,1,4,0.9612256729860148,4,3,1,0,2,4,0,2.1718318456952037,1,1,1,1,1,1
1,-0.19176267172619155,1,3,-0.40514124618133485,2,0,4,0,2,4,3,-1.0222739649660062,1,2,2,1,1,0
1,-0.7560894524422366,3,6,-0.36304161498480575,2,0,4,3,2,3,1,-1.0222739649660062,1,1,1,1,1,1
3,0.09040071863183098,1,4,2.2359674225909183,4,3,4,3,2,4,2,-0.47471296885265585,1,0,1,1,1,0
3,0.3725641089898535,1,4,-0.24656596867440858,0,1,4,2,2,3,1,-0.7484934669093309,1,1,2,1,1,1
0,-0.7560894524422366,3,6,-0.8584139420639647,2,3,3,2,1,3,3,0.4378886913362612,0,1,2,1,1,1
1,0.9368908897058985,3,3,0.055148054900716545,2,2,2,1,2,4,1,-0.38345280283376415,1,1,1,1,1,0
3,-0.9441983793475849,3,9,-0.04168109685130036,4,2,1,0,2,4,3,-0.38345280283376415,1,2,1,1,1,1
0,-0.7560894524422366,1,3,0.29324485800108663,2,3,1,3,2,4,0,-0.6572333008904393,1,2,3,1,1,1
3,-0.7560894524422366,1,6,-0.6245271020832475,2,3,2,3,2,4,3,2.4456123437518786,1,1,2,1,1,1
1,0.3725641089898535,3,9,-0.08331295436786801,4,3,2,0,2,4,3,-0.8397536329282227,1,2,1,1,1,1
1,1.5012176704219435,1,2,2.2359674225909183,2,0,3,0,2,2,2,-0.9310137989471143,1,1,2,1,1,0
3,0.09040071863183098,1,9,0.1332662594542761,2,3,1,3,2,4,0,0.07284802726069438,1,1,1,1,1,1
3,0.3725641089898535,1,6,-0.3588316518651528,0,3,4,3,2,4,1,1.5330106835629618,0,1,2,1,1,1
2,-0.7560894524422366,1,4,-0.7063874960764985,1,4,2,3,2,4,2,2.4456123437518786,0,0,3,1,1,1
1,0.3725641089898535,3,4,-0.7573748271922949,4,0,4,0,2,4,3,-0.9310137989471143,1,2,1,1,1,0
3,1.5012176704219435,1,4,0.254887416244249,2,1,4,3,2,4,0,0.1641081932795861,1,1,2,1,1,1
1,-0.19176267172619155,3,6,0.2427253005652517,2,1,4,0,1,1,3,-0.9310137989471143,1,1,1,1,1,1
3,1.5012176704219435,1,9,1.27276294384033,3,3,4,3,2,2,0,0.2553683592984778,1,1,2,1,1,1
0,-0.19176267172619155,3,7,0.4125271463912524,2,4,2,0,2,4,0,2.4456123437518786,1,1,1,1,1,1
0,1.783381060779966,1,6,0.9088350208303342,2,1,2,3,1,2,3,-0.9310137989471143,1,1,2,1,1,0
3,0.3725641089898535,1,4,-0.49121160329423874,3,3,4,3,2,4,3,2.2630920117140954,1,1,1,1,1,1
0,-0.7560894524422366,4,8,-0.739131653673799,2,0,2,3,2,2,3,-0.38345280283376415,1,1,1,1,1,1
0,-0.7560894524422366,3,4,-1.0076337459716622,0,2,4,0,2,2,1,-1.1135341309848978,0,1,1,1,1,0
0,-0.003653744820843193,3,9,1.6268676195711358,4,4,1,1,2,4,3,2.2630920117140954,1,1,1,1,1,1
0,-0.19176267172619155,3,0,-0.4907438296142773,3,0,4,3,2,2,1,-0.018412138758197326,1,1,1,1,1,1
3,0.18445518208450515,3,6,-0.1473979485225845,1,3,3,3,2,4,0,0.4378886913362612,1,1,1,1,1,1
3,2.065544451137989,1,9,-0.11184714884551551,4,3,4,3,2,3,0,0.2553683592984778,1,1,2,2,1,1
0,2.065544451137989,2,2,1.5127308416605458,2,3,4,3,2,4,2,1.3504903515251783,1,0,1,1,1,0
1,1.8774355242326404,1,2,1.4070139899892617,2,0,4,3,2,3,2,-0.7484934669093309,0,1,1,1,1,0
0,0.09040071863183098,3,0,-0.8429774106252373,2,3,2,0,2,4,1,0.3466285253173695,1,1,1,2,1,0
3,0.3725641089898535,3,9,1.5543626991771136,4,3,3,3,2,4,0,0.5291488573551529,1,1,1,2,1,1
3,-1.3204162331582816,1,3,-0.82754087918651,4,0,1,2,2,2,1,-0.7484934669093309,1,1,2,1,1,1
2,0.3725641089898535,3,3,-0.04589105997095327,2,3,3,1,2,4,2,1.44175051754407,1,0,1,1,1,1
3,0.3725641089898535,3,3,0.033630465622490564,1,3,4,3,2,3,2,-0.29219263681487245,1,2,1,1,1,1
3,-1.038252842800259,3,3,-0.32234530482816093,0,2,2,0,2,4,1,-1.2047942970037895,1,2,1,1,1,1
1,-0.19176267172619155,3,9,2.114755567770912,4,3,1,3,2,4,1,1.44175051754407,1,0,1,2,1,0
3,-0.7560894524422366,1,3,-0.8102332530279369,2,2,2,0,2,4,1,-1.2047942970037895,1,2,2,1,1,1
